3308,tm84618
11475,tm127384
11473,tm127384
11475,tm70993
14255,tm190788
56405,tm14873
13439,tm185072
28692,tm98978
22355,tm119281
23705,tm67378
29187,tm44204
26781,tm69778
65063,tm69997
5104,tm96649
14797,tm16479
173191,tm135083
244219,tm14491
41187,tm89386
529468,tm156453
173191,tm27298
222342,tm356209
173191,tm204541
173191,tm14350
216805,tm102287
752913,tm76557
144388,tm71909
216331,tm94651
173191,tm19608
16383,ts45948
173191,tm90896
144388,tm75975
414437,tm97793
1528491,tm85426
521185,tm85426
223457,tm188894
223458,tm188894
223456,tm188894
173252,tm107372
479396,tm200475
479396,tm259855
479396,tm259684
434193,tm100027
514365,tm100027
144388,tm10204
522301,tm403346
906104,tm16812
549933,tm336403
5005,tm119776
224,tm111075
37242,tm180542
224,tm138875
43323,tm155792
21108,tm22327
12968,tm54450
925,tm2386
18924,tm145608
17900,tm41289
43538,tm132694
31566,tm117580
73538,tm20712
32357,tm130586
277353,ts2760
104375,tm125985
104375,tm40103
128365,tm21953
141630,tm152839
64700,tm62924
16383,tm62924
59733,tm114356
470490,tm147829
402187,tm126769
104375,tm49037
372949,tm159912
16383,tm133914
105250,tm38736
126482,tm258072
483456,tm52815
19028,tm137013
107666,tm157853
68124,tm157603
506342,tm45720
421150,tm55091
173191,tm151332
66030,tm24110
462999,tm348735
132198,tm51083
189445,tm126791
216915,tm311264
514365,tm172482
434193,tm172482
479396,tm52274
354120,tm132164
484289,tm132164
507044,tm342996
462999,tm411457
434193,tm371359
434193,tm446654
173191,tm47673
462999,tm419052
6591,tm11556
3238,tm122434
8969,tm106462
2779,tm57554
9310,tm192405
598595,tm55553
223,tm56574
10468,tm192037
9898,tm191989
3639,tm65686
21330,tm54903
4381,tm187187
20203,tm191772
17855,tm191848
11605,tm121879
18526,tm44402
115792,ts21034
200167,ts21034
13763,tm53419
52010,tm189764
24502,tm189764
5268,tm9323
3630,tm46173
4763,tm19673
9756,tm24877
23286,tm189433
63506,tm1822
11847,tm187791
22953,tm19494
92056,tm10739
49931,tm113576
19432,tm191387
58278,tm6859
18307,tm186589
18181,tm191374
47742,tm8446
10468,tm21596
4763,tm48430
73306,tm190835
170280,tm190835
48814,tm192199
12967,tm184205
3178,tm12499
21376,tm192431
94658,tm56033
33870,tm190486
12011,tm61103
30465,tm117488
596335,tm55732
36580,tm191431
590104,tm17721
5104,tm190811
31286,tm107659
466957,tm7073
251092,tm63514
18526,tm10811
433273,tm188970
218570,tm188606
433273,tm128073
64608,tm64817
32374,tm320211
296068,tm189171
45230,tm67635
56700,tm41525
141630,tm7951
66323,tm55100
258373,ts224786
434193,tm204173
173191,tm191614
128378,tm8859
149376,tm424630
66323,tm12876
56754,tm52083
119079,tm9898
434193,tm326102
462999,tm12482
462999,tm128925
68766,tm52871
68767,tm52871
451452,ts28516
63060,tm62385
104516,tm184502
209282,tm7810
104035,tm27601
128365,tm8687
143176,tm47530
103843,tm105716
63060,tm117873
128378,tm189773
479396,tm7032
103843,tm58893
57119,tm340430
64436,tm184326
459386,tm110225
189233,tm34391
456639,tm118438
68124,tm62176
69393,tm57169
36204,tm184224
173191,tm44776
188285,tm104933
136620,tm203186
103843,tm256669
173191,tm117840
456639,tm334788
119079,tm110160
432789,tm192301
74584,tm110766
434193,tm118256
188285,tm64729
400986,tm314602
441310,tm25389
65673,tm42397
80741,tm210754
434193,tm449775
1230993,tm449775
67640,tm255589
135115,ts26091
11429,tm33545
2779,tm172683
1725,tm92641
1092,tm102740
6896,tm87484
6895,tm87484
3630,tm39030
5567,tm78592
8492,tm116324
8709,tm34310
8212,tm160815
18307,tm78671
13626,tm89036
2964,tm86803
17741,tm105329
606531,ts20305
30307,tm35463
3809,tm84371
8212,tm139658
5565,tm79442
7883,tm131038
4505,tm154187
8794,tm133767
28334,tm88738
3770,tm148270
8969,tm93055
7026,tm133374
4994,tm26897
3447,tm109304
6123,tm76066
2781,tm90190
2783,tm90190
3180,tm29737
4507,tm84906
17235,tm142086
24502,tm95252
52010,tm95252
18526,tm136808
11994,tm195620
19725,tm109137
12719,tm84613
8212,tm173551
82662,tm173551
3349,tm94606
187192,tm136308
24221,tm82985
5268,tm145593
14151,tm150260
14152,tm150260
8024,tm119111
10268,tm130647
17235,tm32919
14695,tm23935
5047,tm137143
11508,tm28905
1147996,tm44486
16021,tm39487
18336,tm169949
16733,tm184913
8658,tm118637
13517,tm58382
16168,tm40009
6587,tm154470
20418,tm22294
12626,tm78067
7644,tm148379
8492,tm76428
4730,tm21467
25298,tm46436
4730,tm57190
7684,tm37546
4465,tm30205
21532,tm159310
10638,tm89592
16168,tm167516
24568,tm79895
12424,tm88045
14299,tm111600
20777,tm143938
15873,tm31187
25429,tm141390
224,tm74780
26396,tm150214
20194,tm176528
95729,tm102337
4591,tm36188
33580,tm88382
6341,tm47523
6342,tm47523
6251,tm24088
25429,tm137362
14324,tm177068
35464,tm82442
9756,tm90864
1499,tm101249
67406,tm142564
1532066,ts30356
2172694,ts30356
25323,tm89684
21534,tm183963
7166,tm27268
9756,tm81270
3809,tm137342
1093450,ts21688
37846,tm161263
9048,tm26638
13753,tm55303
18336,tm31189
224,tm165593
82577,ts15986
8969,tm78767
13763,tm36644
101425,tm77649
12043,tm33113
60588,tm78189
68596,tm43399
12759,tm147211
28317,tm29555
5606,tm93225
6296,tm86189
5231,tm104880
31214,tm101334
21532,tm135451
3308,tm186461
102370,ts30083
29424,tm141707
4465,tm103095
61013,tm83786
378686,ts27459
277708,ts20544
16964,tm27168
138262,ts30288
20437,tm114476
280220,ts12701
20290,tm130574
29822,tm160800
1435864,ts38159
29168,tm22493
398892,tm22493
21932,tm164557
21934,tm164557
187147,tm112381
367438,tm71119
60139,tm134235
1755,tm86995
46756,tm137530
74658,tm100688
589133,tm31290
45230,tm36475
104101,tm80059
1321,tm53999
67640,tm22636
65462,tm30289
1134778,tm38896
68596,tm29269
365746,tm156001
365745,tm156001
63670,tm73058
53156,tm76835
212146,tm48083
590682,tm33981
85460,tm80339
430849,ts52849
5194,tm165259
82104,tm97544
386499,tm65142
8281,tm22342
58673,tm24576
34975,tm41508
162963,ts74928
5194,tm52352
368990,tm170873
76186,tm176297
74584,tm110923
38960,tm150521
65417,tm75022
58642,tm177687
146832,tm22989
64446,tm156575
332973,ts44053
209169,tm91046
61021,tm61056
67640,tm138497
60636,tm93612
416012,tm81461
258258,tm81461
57419,tm96037
104101,tm36164
57419,tm147494
65374,tm31564
55849,tm95238
376078,tm54147
37697,tm99776
61021,tm30170
172569,tm37945
178219,tm25029
157893,tm59880
376071,tm34524
66925,tm83175
30991,tm65839
72792,tm89936
128103,tm22540
60636,tm34846
128449,tm32885
68596,tm82765
143213,tm170169
232016,tm44749
41557,tm47325
54009,tm47325
128449,tm146887
63375,tm144345
143176,tm70222
138721,tm92977
53952,tm98975
375281,tm25842
375280,tm25842
61027,tm43179
140378,tm95434
45230,tm23441
189233,tm418157
61026,tm86051
69393,tm44634
44761,tm62369
63060,tm23077
38641,tm31335
38906,tm139349
67640,tm85243
170546,tm165809
400512,tm89764
41918,tm68191
80741,tm51493
2086381,ts1413
408757,tm175687
400512,tm49405
66876,tm96168
66323,tm72587
63670,tm88366
297627,tm101684
111716,tm38454
69535,tm164389
65503,tm77863
400512,tm138902
2066574,ts4866
64481,tm149209
701746,tm147686
124344,tm82718
127942,tm39557
141354,tm22558
68175,tm164591
61027,tm106625
304814,ts18653
18051,tm352863
64446,tm29731
252950,tm80455
101582,tm84348
67533,tm144835
61028,tm129971
298287,tm41953
69508,tm103133
402194,tm421611
64436,tm155761
70344,tm75544
262830,tm29028
66323,tm93004
115,tm23977
66926,tm78790
67792,tm44530
353148,tm102848
61021,tm96595
67640,tm56428
67542,tm155774
115,tm44378
67149,tm97982
104035,tm27484
103222,tm145243
202602,tm77348
69049,tm111226
117061,tm237621
72792,tm104349
140623,tm152724
198145,tm69694
400512,tm105278
334830,tm80487
66876,tm33729
235458,tm129763
68175,tm130301
104035,tm141117
211329,tm35652
301559,tm49865
136620,tm254745
354728,tm134140
64436,tm114504
293040,tm76029
68767,tm33067
68766,tm33067
65822,tm103732
1590430,tm98475
48369,tm34924
68175,tm101609
168302,tm216753
66323,tm112235
381825,tm101540
420959,tm96052
61026,tm134407
69466,tm81864
430219,tm346951
369606,tm144263
304814,ts124246
419508,tm85689
658434,ts12444
618178,tm87909
673171,tm87909
337742,tm368679
461661,tm897538
65088,tm91323
1132571,tm36636
381825,tm52176
255775,tm178555
65978,tm42831
448862,tm135795
425577,tm254052
202602,tm254052
64481,tm166293
68302,tm99450
171173,tm154375
55912,tm241875
68117,tm97325
167882,tm85563
354728,tm95507
636919,tm308960
57119,tm154802
404649,tm21155
172843,tm46867
21934,tm140653
212039,tm160596
145940,tm76399
293040,tm226362
1041779,tm456581
164921,tm84316
176560,ts39604
947380,tm168869
898730,tm352243
323662,tm89012
375280,ts19384
375281,ts19384
254308,tm130999
141354,tm87672
323662,tm27275
176560,ts23797
66876,tm85369
369098,tm143510
645751,tm311516
68596,tm148041
141354,tm152413
721458,tm21956
1802211,ts70843
200136,ts70843
164921,tm57586
354728,tm91125
372383,tm142153
141692,tm100106
262830,tm341561
188218,tm91176
421380,tm145690
2333137,tm145690
455872,tm88343
141692,tm28024
1284311,ts188031
421380,tm89054
1171669,tm639940
304814,tm598375
21933,tm92671
401463,tm252951
69484,tm628693
614993,tm340006
30815,tm170758
12296,tm166064
12295,tm166064
83479,tm170442
2266,tm41792
8189,tm50018
11977,tm60292
16172,tm164877
594967,tm166548
859215,ts32835
4297,tm32982
2964,tm161802
6315,tm158304
6302,tm72140
11540,tm37153
8969,tm160433
8212,tm39896
4505,tm178201
5238,tm59428
5606,tm176356
8492,tm176507
9972,tm74848
6536,tm68272
35812,tm60844
6937,tm160132
24433,tm172716
5664,tm278681
13763,tm40319
6341,tm173624
6342,tm173624
47088,tm62210
6447,tm167232
10830,tm178395
12484,tm173195
46312,tm175346
84016,tm160371
9768,tm174256
233434,ts22249
12471,tm165995
7666,tm168921
8969,tm178323
351688,tm106278
159658,tm72845
120637,tm72845
53914,ts34921
58217,tm59590
31207,tm174683
736149,tm182586
316973,tm39313
7737,tm69386
35812,tm38064
66544,tm28171
336310,tm161904
119484,tm56296
23491,tm56296
344587,tm171292
701746,tm183039
47730,tm160361
5194,tm34331
61028,tm182125
211077,tm238681
11474,tm72251
65679,tm72251
82947,tm183547
317022,tm53625
65462,tm53034
188941,tm174190
188939,tm174190
38641,tm164353
1457574,ts81858
298287,tm165712
202602,tm68436
760004,ts26776
317540,tm52062
69954,tm176111
166702,tm31739
21580,tm170395
65751,tm177258
57419,tm177044
64229,tm49451
157637,tm54780
36985,tm176128
36986,tm176128
254106,tm177958
53524,tm40860
385348,tm63368
61021,tm183037
67759,tm183176
65462,tm37175
111716,tm181856
239756,tm178106
65824,tm178106
66876,tm175909
1132571,tm74031
65503,tm57610
724828,ts27875
64531,tm59289
325162,tm53829
254308,tm47171
33087,tm65765
104969,tm70528
267345,tm161804
225138,tm169128
66648,tm174518
233825,tm180532
68522,tm35700
66544,tm67444
148129,tm57382
65751,tm172883
146832,tm164090
229167,tm71992
61592,tm59372
21934,tm160021
169580,tm54371
68766,tm38013
68767,tm38013
240088,tm39606
178005,tm53395
235458,tm66725
37676,tm48579
301559,tm159593
144392,tm34746
238075,tm167241
24568,tm161632
194497,tm50798
823395,tm31948
64481,tm179451
163136,tm162592
57285,tm37573
46731,tm37573
225649,tm30278
196919,tm33601
124773,tm48239
322478,tm56734
235916,tm166810
104668,tm172353
65528,tm169053
65527,tm169053
57119,tm34142
200814,tm38331
68872,tm44615
337742,tm182026
658434,ts32561
328367,tm60213
68500,tm70652
194555,tm42306
184686,tm53360
67792,tm69915
168360,tm29400
1635863,tm946846
145934,tm34646
304814,tm481620
169113,tm57256
2066574,ts44064
66049,tm172211
241670,tm165932
340391,tm172504
117061,tm224577
328367,tm159623
56729,tm51412
347552,tm235979
322478,tm361958
347364,tm181366
16115,tm140389
45225,tm151663
4096,tm169422
1246,tm169719
76789,tm140877
589304,tm171042
8212,tm148147
31566,tm183523
1324,tm176864
6895,tm134967
41369,tm143227
2709,tm160621
2709,tm180572
9369,tm148671
3809,tm182429
6738,tm153284
36224,tm151807
7107,tm145655
3042,tm161525
1503,tm175843
21345,tm181270
32953,tm168400
67975,tm237143
24777,tm176630
20564,tm178712
14239,tm187979
5663,tm187979
963348,ts32271
61501,tm161282
9235,tm161282
5397,tm165521
13150,tm184608
8492,tm144046
20437,tm161029
18336,tm143474
30556,tm140342
7140,tm141648
127607,ts36836
63726,ts36836
13471,ts36836
102097,ts36836
84016,ts36836
589314,tm142856
95472,tm181081
27017,tm178211
23096,tm144121
10423,tm151447
589281,tm154797
979,tm159796
11082,tm181533
22658,tm469911
66549,tm148976
66550,tm148976
97919,tm143642
118027,tm162271
308,tm162271
7666,tm166628
14094,tm171228
24221,tm136601
12434,tm143757
102077,tm143372
273840,tm143372
2945,tm71148
116202,tm161562
103921,tm151716
1104079,ts22445
241010,ts22445
56995,tm180599
17073,tm171965
282335,tm185208
35812,tm167944
66544,tm149038
34170,tm159362
39193,tm172710
30200,tm157085
21549,tm174289
117549,tm187390
104378,tm171929
67406,tm147913
81044,tm170919
18789,tm180643
52098,tm152843
12065,tm177223
157637,tm152273
281619,tm2269
52006,tm138431
56729,tm152904
128216,tm35895
38641,tm176481
351455,tm199408
239210,tm199408
19337,tm144021
72792,tm168685
50144,tm182275
682981,ts58010
707846,ts58010
66258,ts58010
184740,tm182969
64481,tm148910
275343,tm143363
45681,tm139617
45682,tm139617
251447,ts16117
53524,tm158671
36985,tm165504
288247,tm148662
56754,ts154625
134546,tm158980
65679,tm148597
11474,tm148597
736149,tm145791
53156,tm155291
65824,tm156811
123545,tm150033
701017,ts75833
1638311,ts75833
479908,ts75833
37389,tm180802
688104,ts20781
56729,tm151210
4624,tm149578
103808,tm149578
13240,tm182534
798372,tm360904
158267,tm186054
286309,tm235553
82131,tm147518
244323,tm147518
308796,tm183706
61027,tm178513
61026,tm178513
45230,tm178513
61028,tm178513
172569,tm182322
54103,tm236725
54104,tm236725
67663,tm153055
159021,tm142630
311676,tm185797
138721,tm154729
192618,tm148457
176567,tm145627
74173,tm158302
12065,tm140334
299872,tm186161
187926,ts34074
233266,tm209037
133061,tm151927
141692,tm169669
101325,tm175812
66876,tm181550
31988,tm228574
65831,tm228574
65830,tm228574
701746,tm149914
184740,tm145216
56700,tm149747
276838,tm140911
143269,tm158692
209573,tm137379
159115,tm137379
67349,tm160034
68286,tm158436
64965,tm158436
80741,tm172027
116646,tm146657
164764,tm159819
301559,tm183805
325603,tm458034
76367,tm175954
76368,tm175954
66532,tm182227
281119,tm159094
286453,tm157609
303190,tm179328
1621654,tm151860
13656,tm139922
104517,tm184511
241777,ts67797
725245,ts67797
725246,ts67797
80724,tm157461
75854,tm178992
261025,tm144541
67506,tm215339
195083,tm177645
293040,tm200926
68766,tm181092
68767,tm181092
63255,tm183002
97750,tm144557
1603075,tm205684
68522,tm167107
140623,tm143299
65978,tm175753
308570,tm185736
286453,tm460055
643401,tm182580
67542,tm157681
117061,tm197423
132479,tm162259
68175,tm167342
244784,tm169054
186613,tm169294
814855,tm178234
186614,tm188290
164764,tm187505
65830,tm155051
65831,tm155051
31988,tm155051
162038,tm183654
235458,tm176900
286912,tm179248
171157,tm158546
225649,tm157062
283271,tm144451
64414,tm171891
193217,tm242276
112620,tm187118
68281,tm202914
66478,tm159296
140242,tm186408
200814,tm156397
141692,tm166723
294748,tm155507
55145,tm159701
385348,tm163066
2255828,ts20238
56729,tm149541
300012,tm181051
278737,tm146144
146119,tm147908
185697,tm150962
836313,tm1194608
597455,tm577690
158359,tm136036
65088,tm177224
1527621,tm1036195
254864,tm1036195
141692,tm142852
301929,tm180738
200136,ts32752
68146,tm147405
56693,tm147405
141808,tm157286
56729,tm177376
145934,tm145658
297197,tm176553
304814,tm175364
242794,tm138280
118152,tm175577
20352,tm232579
20859,tm243100
1168,tm150928
234599,tm242705
9015,tm120108
86932,tm120108
66084,tm206698
96009,tm239727
9756,tm204163
7883,tm135307
2266,tm138905
8024,tm137693
49621,tm136465
1246,tm195209
730381,ts42062
2783,tm120609
2781,tm120609
30427,tm233377
4227,tm193769
3631,tm233425
76820,tm143984
31077,tm212927
2533,tm143085
93629,tm209987
45443,tm137002
955740,ts43209
158104,ts43209
956214,ts43209
66084,tm239676
2709,tm138297
194369,tm245271
237527,tm245271
83016,tm134791
30535,tm135106
25796,tm196125
192002,tm196296
211507,tm233214
4424,tm219233
33266,ts41963
4297,tm199700
51934,tm200126
6899,tm132273
66084,tm139532
120650,tm219248
65529,tm220594
27098,tm239743
42040,tm138614
25483,tm205890
778612,tm139841
232393,tm233521
5194,tm244788
6536,tm208622
157200,ts38758
230303,tm204035
6676,tm134516
64082,tm136321
111688,tm233465
17202,tm136257
23131,tm140843
9368,tm238722
75929,tm239683
53894,tm147082
249160,tm206512
249159,tm206512
78952,tm200690
98245,tm155102
228255,tm205812
1892,tm235405
76554,tm245378
13240,tm225308
4465,tm230551
233637,tm138672
406394,tm253083
159658,tm316731
231490,tm244403
35464,tm139194
97902,tm139194
239756,tm245671
258660,tm235227
94640,tm233317
29156,tm239733
29171,tm239733
97098,ts37944
31601,tm123789
17162,tm244381
1148904,tm233533
21458,tm166321
1556,tm214825
8718,tm238661
46275,tm142881
11173,tm243121
443476,tm270504
24221,tm239707
118027,tm242736
308,tm242736
148331,tm267948
160998,ts54028
227403,tm208903
68846,tm136061
94502,tm201222
33881,tm215638
70931,tm215638
133207,tm205437
39193,ts78325
167873,tm247642
241156,tm247642
232251,tm219276
5108,tm135543
48576,tm233544
2000678,ts42257
14892,ts35406
239994,tm245724
26474,tm138792
7431,tm244880
728308,ts37660
235981,ts41258
50883,tm308241
8718,tm221225
763317,ts52943
1100108,ts52943
127266,tm205870
426253,tm244052
235609,tm232953
12065,tm240007
25878,tm233493
10437,tm140436
72792,tm213681
4921,tm228242
1946356,tm209950
17162,tm205935
230017,tm244134
26447,tm271070
284591,tm267135
55370,tm233616
2656,tm211510
127239,tm157283
14261,tm219173
164039,tm244507
164040,tm244507
211329,tm218052
65762,tm214085
65761,tm214085
26922,tm229542
148356,tm335263
257209,tm253080
257208,tm253080
1752721,tm241314
804228,tm282915
53530,tm246870
280220,ts35359
11520,tm266844
53471,tm238748
38666,tm193125
38669,tm193125
654537,tm300713
1121877,ts41883
1268455,ts41260
64483,tm229140
299370,tm290444
66323,tm200454
354236,tm275800
50931,ts38512
25545,ts38512
58213,tm233561
217003,tm232950
242136,tm139870
37554,tm266628
595488,tm267429
124773,tm233344
52185,ts53106
332758,ts53106
661319,ts41253
48010,tm244915
254682,ts38717
254680,ts38717
19931,tm239947
71174,tm236999
124153,tm218186
117520,tm242755
69224,tm193388
701016,tm323616
66544,tm242002
66544,tm220317
64542,tm201365
255818,ts38761
28630,tm244638
147323,tm232954
232480,tm232954
50943,tm225275
66544,tm227922
32954,tm272413
232217,tm244513
59607,tm234136
751159,ts75324
53707,tm239762
236603,tm132524
19736,tm245297
133288,tm224377
75659,tm217939
53290,tm193211
197591,tm234292
65462,tm281182
61161,tm242422
159658,tm245148
65751,tm272854
1239544,tm350159
136620,tm224275
56653,tm195764
53156,tm211478
65306,tm195870
172096,tm246056
32731,tm246056
70945,tm240895
65301,tm246579
67734,tm243849
106680,tm211461
192301,tm239290
732150,ts74753
235185,tm233157
47176,tm230524
1865096,tm238829
830244,ts53065
139743,tm242687
120213,tm246175
106170,tm246175
722189,ts38772
944486,ts83224
138721,tm240162
46669,tm242646
111716,tm225675
66544,tm233023
1363930,tm233023
67131,tm197503
769829,ts74929
56729,tm220473
55874,tm225693
730099,ts55365
64707,tm199987
68596,tm241998
48823,tm231314
72645,tm227029
1180811,ts41899
232683,tm244559
236456,tm245102
197923,tm245102
268954,ts35505
24104,tm201906
260412,tm248010
131651,tm239774
52006,tm252245
2004974,ts56221
66544,tm245235
67975,ts38812
233966,tm232832
63060,tm227042
227658,tm243931
304472,tm233843
58431,tm215054
196603,tm247644
61026,tm239739
177827,ts87465
1985704,ts52825
345564,tm311494
55054,tm221883
120636,tm233196
67023,tm376111
1468,tm246543
48468,tm227523
164039,tm321189
164040,tm321189
64802,tm219699
413186,tm270555
190017,tm270555
40508,tm316567
689838,tm321785
281619,tm283938
80724,tm228839
54431,tm272012
64480,tm219817
35650,tm230426
131598,tm239769
61028,tm208628
233825,tm66466
257279,tm228657
236774,tm245155
1268993,tm232930
239991,tm245722
240883,tm245911
211560,tm244079
590250,tm244079
111117,tm266629
1986860,ts52950
372557,tm215911
140242,tm215911
136353,tm232855
317384,tm257629
118809,tm208713
264697,tm218683
256029,tm234466
269614,ts78442
349623,ts78442
836313,tm340927
172485,tm311456
247263,tm238717
172569,tm233015
66532,tm211273
94024,tm230927
109359,tm273933
237668,tm245293
131816,tm270982
406394,tm274053
57792,tm137557
58003,tm315345
158267,tm207668
159658,tm193378
200136,ts21876
211560,tm275726
590250,tm275726
1363281,tm307997
317824,ts55556
282335,tm149212
282336,tm149212
68648,tm239933
286453,tm327551
235916,tm233366
254888,tm263743
869859,tm494288
248818,tm247631
170550,tm271974
243311,tm246485
973114,ts42432
72217,tm267017
234720,tm244842
65824,tm227044
68239,tm138584
254716,tm224255
178169,tm267419
116871,tm155382
139142,tm155382
139140,tm155382
139143,tm155382
139135,tm155382
139134,tm155382
139137,tm155382
139138,tm155382
140242,tm155382
139139,tm155382
270957,tm155382
131570,tm239764
356850,tm240733
12172,tm266622
43166,tm244758
66532,tm232931
791144,ts83454
255957,tm217986
639336,tm451222
31988,tm233648
65831,tm233648
65830,tm233648
38046,tm233648
256366,tm247767
275094,tm375681
239596,tm452046
64707,tm238486
157099,tm203056
213097,tm272484
22297,tm198496
63375,tm201855
268959,tm215265
157099,tm233463
259009,tm290157
1099359,ts83450
298838,ts83450
37676,tm271839
141692,tm232710
139187,tm234703
230790,tm134052
195083,tm234069
958941,ts53543
55912,tm212968
54031,ts41485
97750,tm211571
66532,tm230478
184723,tm244923
759510,tm350374
145934,tm233570
117061,tm554110
399178,ts84542
64446,tm242906
211560,tm236705
590250,tm236705
140242,tm232947
235378,tm233121
240357,tm245791
58632,tm244577
875111,tm409220
1431163,tm549892
43188,tm239635
25469,tm319354
38906,tm257141
233314,tm244635
252144,tm198842
595340,tm421214
612653,tm286268
1018398,tm313374
200814,tm244380
1054248,tm540757
412973,tm267112
236149,tm245042
164764,tm198786
249327,tm226320
654537,tm424879
201378,ts36741
192301,tm214589
848666,ts35963
260740,tm279828
1445928,tm571645
246315,tm247159
246317,tm247159
211560,tm295349
590250,tm295349
158359,tm205333
164764,tm231911
4465,tm139590
140373,tm139590
136353,tm283909
176951,tm407961
85219,tm207734
236838,tm242745
67197,tm225416
131882,tm282988
68736,tm246810
389284,tm252609
145940,tm272666
212423,tm219739
32652,tm1063792
1090727,ts53513
66418,tm232090
590029,tm317850
269021,tm235005
1323855,ts83535
2274562,ts83535
761441,tm350727
761325,tm350727
590029,tm245050
260740,tm212909
1046544,ts38703
639191,ts38703
272345,ts56544
157723,tm271333
281619,tm368725
385348,tm350044
1301076,tm234735
164712,tm239078
3669,tm239091
160376,tm310953
1725,tm232797
3670,tm244259
4228,tm315344
76819,tm318206
13025,tm315174
9771,tm344989
29852,tm287684
10009,tm244220
15455,tm244364
23633,tm420745
6206,tm232500
31066,tm350379
58496,tm363103
2781,tm425889
2783,tm425889
59080,tm244174
107958,tm350
121310,ts58367
36214,ts58367
92711,ts78430
16964,tm210043
27369,tm226948
4239,tm288499
78521,tm299741
4921,tm244191
8888,tm272060
3630,tm233482
18449,tm271951
205669,tm311815
120637,tm371380
183024,tm310899
66084,tm266666
310548,tm435086
74397,tm267401
200516,tm239286
74008,tm273294
253507,tm414285
130296,tm244192
21288,tm419595
116202,tm346943
288047,tm371900
62974,tm270895
16652,tm374132
24415,tm244175
145225,ts55645
20859,tm319818
21954,tm313683
194521,ts79926
589304,tm244332
29156,tm315340
36998,tm414887
1327252,tm420348
9236,tm244206
140085,tm434202
6587,tm280828
11289,tm366567
233205,tm310706
135271,tm410435
165298,tm307283
165294,tm307283
27687,tm244229
10256,ts85568
9898,tm357589
38260,tm317542
55591,ts80705
600795,tm321703
96505,tm300615
31777,tm244233
119174,tm349803
1199082,ts55798
56614,tm227940
9310,tm243326
8396,tm244197
115892,tm368449
44634,tm211554
17130,tm363248
31706,tm362881
53853,tm232673
290206,ts77957
33551,tm411311
92933,tm299677
79780,tm449070
1184912,ts85895
291054,tm363488
808126,tm363488
45443,tm221953
1125950,tm435916
61141,tm233362
274463,tm362098
741815,tm346467
74397,tm433381
174180,tm412550
49447,tm315424
1197699,tm499724
20484,tm414220
120450,tm139545
127715,tm314477
879305,tm420274
405145,tm420274
49696,tm434008
1024044,ts80720
36224,tm317566
7617,tm417496
798644,tm367065
94024,tm426274
117207,tm433228
1033916,tm244325
16982,tm316414
170147,tm311921
170148,tm311921
15833,tm370212
47130,tm410742
18192,tm281935
40571,tm281935
15246,tm139885
1283700,tm349278
240568,ts84574
5565,tm348993
26809,tm285107
29156,tm414962
1507,tm240076
20643,tm217228
610739,ts77474
589314,tm244307
56429,tm298846
35650,tm412623
58868,tm298339
180878,tm245176
688104,ts78298
1434128,ts83251
262525,tm351101
122863,tm299504
348954,tm299504
77785,tm321224
645107,tm359978
240118,tm306301
352170,ts53936
100762,ts83763
220272,tm298084
1858,tm244148
101462,tm436470
1523198,ts82892
6887,tm219259
246403,tm375912
1723130,tm356742
12340,tm244317
1355058,ts86296
1324107,tm292837
233637,tm414709
1327048,tm321295
1326869,tm321295
32704,tm233294
313541,tm328443
76168,tm324155
33248,tm289181
20359,tm370436
20356,tm370436
24495,tm351216
69215,tm318200
31566,ts58175
32565,ts77525
59758,ts77525
39622,ts78231
291593,ts78231
281234,tm370232
973708,tm439484
108766,tm271960
2564,tm349800
921132,tm352588
157045,tm219258
24671,ts57082
1103262,ts53101
111766,tm411415
157569,tm406881
103921,tm307910
16441,tm368241
98241,ts75749
56653,tm321596
39685,ts76417
130554,ts76417
111112,ts86814
37665,ts85968
608264,ts85837
244896,tm308090
674733,tm308090
85433,tm271959
87080,tm411507
33266,tm245937
958470,ts83745
68833,tm423373
1116008,ts76486
386418,tm409766
13242,tm322243
31687,tm406111
31915,tm300054
86007,tm357479
211944,tm232965
417627,ts80411
261841,tm431347
178352,tm431347
5108,tm285356
184779,tm368040
119930,tm285340
598592,tm1883
200331,tm1883
179593,tm1883
1081730,ts76753
1966741,ts76753
589113,tm324870
106811,tm284015
106812,tm284015
843546,tm326624
248792,tm300184
629444,tm411958
352737,tm270999
602920,tm307612
292612,tm320255
157200,tm425138
180090,tm425138
157200,tm241990
31757,tm353742
989549,ts81414
129541,ts77014
849011,ts77014
27557,tm429163
55831,tm311789
923454,ts82268
141462,tm359103
180090,tm315584
157200,tm315584
255818,ts83790
506711,ts57811
869523,tm407827
33881,tm348003
306360,ts83360
1231772,tm266652
26955,tm285295
227880,tm317110
67975,tm324124
23978,tm244519
28681,tm260272
178281,tm347530
813127,ts85170
24449,ts90594
75822,tm312577
627807,ts83502
50541,ts83502
3281,tm344886
46756,tm365122
295125,tm320670
103640,tm367250
166267,ts80959
65822,ts80959
61026,ts80959
1073700,ts75477
28317,tm425732
290903,ts77545
1575369,ts236347
37676,tm416105
93315,tm285171
598234,ts56045
72792,tm311995
1533901,ts87194
281126,ts76603
63816,tm298779
722189,ts81583
25789,tm319882
18993,tm420656
10964,tm420334
46141,tm368538
618321,ts55581
786140,tm357820
275973,tm357820
232269,tm244521
253307,tm419733
13238,tm315850
35815,tm324820
1243837,tm324820
57313,tm296398
99602,ts79997
979771,tm438502
124579,tm365824
41068,tm436844
50689,tm359150
589811,ts58297
199911,tm351931
24990,tm285649
255818,ts53264
630204,tm306811
353029,tm372318
24284,tm347821
282443,tm429208
282445,tm429208
33087,tm327199
112665,tm352774
112667,tm352774
159658,ts321277
194892,ts321277
107255,ts84646
414941,tm313974
299028,tm313974
656134,tm313974
255975,ts85515
640246,tm305437
96142,tm369179
201444,tm307515
25510,tm412273
135271,tm219252
25347,ts55232
333785,tm290831
961656,tm434917
175889,tm445735
51682,tm245383
69510,tm349529
90713,tm374454
140395,tm407714
38207,tm374313
254741,ts55978
418874,ts55978
392468,ts75341
763902,ts75341
230981,tm244368
589316,tm266702
65244,tm323195
903489,ts78789
903483,ts78789
903490,ts78789
118027,tm322569
41586,tm406831
148411,tm406831
352478,tm406831
109500,tm408941
857381,tm408941
736149,tm305112
335846,ts81318
157200,tm363231
180090,tm363231
246908,ts79219
238177,ts79219
240416,ts79219
1012500,tm427465
21715,tm427465
406078,tm445899
185519,tm139564
49538,tm263427
190017,tm313487
111677,tm313487
661319,ts53399
1002287,tm443993
24221,tm437608
831025,ts77787
831024,ts77787
23419,tm336712
8117,tm307950
17073,tm307950
16799,tm236659
589281,tm327540
1067344,ts78353
38906,ts103638
39517,tm293867
24221,tm266685
17056,tm839847
2330,tm370392
34170,tm285298
64716,tm404475
39576,tm448122
201616,tm299761
60148,tm440415
348239,tm362074
318765,tm358666
200498,tm233485
66691,tm266705
421830,tm266705
133322,ts80313
282452,tm427293
128216,tm327053
414598,tm405849
235186,tm405849
881493,tm405849
33169,tm326723
10956,tm238377
27031,tm366820
320080,tm313988
651117,tm312767
65273,tm320817
66532,tm370628
139218,tm405738
65274,tm371952
1217184,ts77405
204743,ts79679
246959,tm417440
29822,tm327622
594210,tm430104
38631,tm443186
785642,tm313293
245303,tm349138
245304,tm349138
1990356,tm376801
164040,tm424032
38906,tm358242
2107703,ts80413
1103267,ts80413
1103270,ts80413
122255,tm409618
71490,tm244274
33856,tm376840
33857,tm376840
308,tm372891
991826,ts82298
19654,tm443034
133364,tm318641
57172,tm314829
66544,tm366973
317797,tm295177
162324,tm420797
48948,tm406098
60636,tm374845
847103,tm374845
33087,tm359714
701746,tm314705
708045,tm325102
365379,tm325102
187926,ts78913
977626,ts55936
147424,tm413557
247209,tm363787
189657,tm371630
51296,tm355724
728308,ts76478
42019,tm356563
305367,tm420989
39622,tm348010
416818,tm357552
318643,tm300027
183527,ts82875
145069,tm414676
70632,tm408890
278461,tm426569
18074,tm404690
246150,tm320249
263016,tm286532
1019905,ts56636
64912,tm375729
254741,ts75012
1579954,ts82296
8673,tm311319
858776,ts83359
44333,tm270490
160440,tm358949
320175,tm408104
211592,tm428073
867490,tm429377
7666,tm330869
275137,tm350607
65822,tm417317
923763,tm407295
1244324,ts82181
1649812,tm282910
1244369,ts53516
429549,tm429984
317586,ts112279
276600,ts112279
61028,tm419496
61026,tm419496
45230,tm419496
61027,tm419496
707122,tm344173
802026,tm362180
32953,tm294581
64183,tm313120
40818,tm477838
722189,ts58442
318760,tm374216
138629,tm232464
46060,tm367473
730381,tm361743
250687,tm413049
644162,tm311193
142149,tm307761
179261,tm371959
233442,tm320206
159658,tm408306
1166988,tm422715
36540,tm301024
356389,ts80410
903489,ts80410
42666,tm418870
702708,tm340366
13214,tm370447
55874,tm425884
54685,tm429382
98276,tm322210
5640,tm313748
105686,tm244300
668044,tm366143
329518,tm432838
68052,tm463806
1423633,tm313712
56786,tm244287
830329,ts75620
1289098,ts75620
116560,tm299764
51561,tm407775
127406,tm334949
315591,tm409942
631,tm238587
65375,tm410748
50060,tm413955
37554,tm376015
379581,tm434727
67823,tm409817
20926,tm372917
66544,tm426202
51574,tm367008
592340,tm270987
70757,tm328175
34975,tm359713
49421,tm366019
12172,tm353046
102097,tm321627
87719,tm311283
185697,tm368441
33155,tm244292
916780,ts76793
963922,tm368310
250719,tm411358
49540,tm300056
59140,tm344336
230033,tm372054
14700,tm405901
775333,tm350887
24449,tm350887
739206,ts83213
1715529,ts83213
1001516,tm415875
1150352,ts57291
876365,tm372305
15137,tm515157
182970,tm376234
73804,tm441198
67406,tm366590
37554,tm418039
160440,tm371212
206781,tm366972
719168,tm411288
6198,tm244321
160440,tm358746
274284,tm359975
1322161,tm852185
188292,tm444469
1034892,ts85810
1043148,ts85276
67759,tm374357
65978,tm321073
187813,tm352033
38631,tm421776
45639,tm314295
243787,tm327708
80458,tm233484
1452769,tm440678
51481,tm242108
900116,ts82419
34336,tm348568
247764,tm320727
97723,ts80342
133359,tm365961
25004,tm299783
603310,tm427143
637622,ts80479
101314,tm375962
3217,ts74765
132338,tm299381
286309,tm320489
683734,tm320489
719270,ts58480
165847,tm138667
43582,tm280060
1002683,tm363922
1876920,tm349273
261164,ts92726
748803,tm347850
166665,tm410298
353219,tm368729
232483,tm441060
48089,tm441060
178169,tm434676
167567,tm346939
64481,tm244196
67115,tm438995
313676,tm354644
118156,tm440996
67759,tm242765
29739,tm348073
53156,tm307751
233434,tm273600
936912,tm464542
258653,tm445456
1236871,tm481188
47521,tm309903
73819,tm309903
868222,tm424888
65274,tm317491
59977,tm355666
167745,tm355666
35712,tm331117
66544,tm409494
13905,tm348392
340955,tm375007
37064,tm411467
29280,tm411467
72611,tm416620
930112,ts82445
1111070,ts82445
533572,tm357272
31286,tm357272
256633,tm446987
756837,tm349752
319247,ts85183
1280387,ts85183
1199447,tm359658
183254,tm311898
238625,tm421748
30728,tm429174
56729,tm361770
301763,tm375547
283922,ts76245
214440,tm279585
202602,tm307774
316421,tm411503
160440,tm363329
212982,tm326704
47971,tm359030
124780,tm327652
263083,tm321628
111716,tm348175
395570,tm416458
407095,tm352865
190017,tm437159
269874,tm446206
703489,tm324278
250719,tm324278
24284,tm348845
66544,tm353627
923287,tm439854
66544,tm300447
886277,ts82192
118156,tm306631
191320,tm440255
892374,tm414595
63574,tm353247
293069,tm426983
302644,tm411313
937,tm372610
74275,tm372610
187265,tm307843
309899,tm376903
272196,tm358609
613749,ts75887
850322,tm376421
654537,tm376421
237432,tm233360
189469,tm319310
201417,tm283559
244311,tm447328
7000,tm233345
37676,tm358813
111131,tm429186
254888,tm371619
612891,tm287041
926451,tm424162
716048,tm538868
931395,tm423761
702708,tm324041
64609,tm409456
618303,tm372662
941125,tm428597
5525,tm370440
189146,tm324204
340975,tm348467
194682,tm324806
214768,tm373873
727906,tm414447
1299567,tm414447
246121,tm324588
1160858,tm413418
432946,tm413418
714736,tm348919
812144,tm367264
164688,tm423950
50628,tm351720
702708,tm324042
119706,tm350116
168302,tm835357
660626,tm447750
660190,tm314939
907499,tm418894
18073,tm279017
86174,tm279017
321777,tm558730
714736,tm344995
418630,tm426117
10216,tm372969
166700,ts55484
50647,tm299730
184723,tm351201
54134,tm408871
2103311,ts222363
255818,ts75750
350812,tm362264
191482,tm412489
66166,tm361588
56568,tm361588
66876,tm307767
714546,tm314272
282432,tm364206
756837,tm413082
160440,tm446424
822934,tm327219
243810,tm424898
667683,tm316658
667682,tm316658
261025,tm349656
839276,tm372061
68714,tm416121
68562,tm350971
132218,tm445153
1460462,tm995893
158330,tm438994
369527,tm428453
67560,tm363003
67559,tm363003
280791,ts83663
233266,tm295558
160440,tm440946
989188,ts83430
1034382,tm463827
211560,tm414746
590250,tm414746
951125,tm432327
308629,tm356684
308630,tm356684
295857,tm275437
815300,tm492277
249457,tm431928
211560,tm407318
590250,tm407318
316615,tm408892
68192,tm320785
1965814,tm1068348
949571,tm430426
113065,tm362121
682173,tm320144
1053242,tm318492
338789,tm434883
111716,tm374226
9156,tm337040
113812,tm446574
379861,ts82631
701350,tm323907
66049,tm316923
751130,tm348386
314228,tm348386
362206,tm315865
663807,tm315865
31681,tm285329
804925,tm363181
804932,tm363181
164562,tm325433
75906,tm326773
238033,tm407730
346846,tm370430
184310,tm309115
200886,tm436266
168360,tm428483
654537,tm416341
850322,tm416341
9816,tm411257
260412,tm451171
254888,tm435487
193125,tm435487
254888,tm327951
248812,tm417111
184579,tm417111
891482,tm425748
911380,tm430057
766743,tm353875
179936,tm313472
56729,tm430496
160440,tm444043
308514,tm374656
164764,tm317274
66544,ts80445
818679,tm366025
1528461,tm321149
1528460,tm321149
617881,tm299771
2089413,tm369433
142616,tm313424
57599,tm352705
191744,tm328052
236926,tm351171
627537,tm326270
1279608,tm851055
26922,tm429567
69823,tm336227
2359501,ts57913
2359702,ts57913
66532,tm285712
177534,tm415245
72756,tm322200
308796,tm407349
948372,tm430090
282014,tm430090
65002,tm360945
37676,tm299790
278567,ts82887
779115,tm361505
160440,tm361505
291926,tm345767
97750,tm294696
320175,tm363088
957377,tm432313
133288,tm413129
56729,tm316744
885266,tm412515
1147741,tm412515
11173,tm443283
234463,tm420311
1715212,tm449860
354236,tm434179
20504,tm434179
1753274,tm415938
159574,tm351688
134424,tm444257
76168,tm275004
636756,tm421335
66925,tm326089
177714,tm431760
2219991,tm461349
242351,tm435144
74401,tm444564
26849,tm409376
427259,tm436171
950685,tm430748
420765,tm443073
236109,tm443073
21220,tm356666
348411,tm422359
740820,tm431275
69606,tm352951
56729,tm362047
26510,tm323300
352568,tm357708
285509,tm444821
670691,tm351505
211560,tm408257
590250,tm408257
183595,tm435333
12172,tm411856
211560,tm358188
590250,tm358188
1326091,tm684591
387493,tm345225
194558,tm443537
701746,tm311902
812339,tm364417
185243,tm368350
48467,tm431081
52338,tm420800
677294,ts75138
97750,tm373134
158359,tm348191
37676,tm375091
1096009,tm469399
63657,tm347060
210443,ts76646
184703,tm430660
141692,tm430059
719271,tm327619
231873,tm244473
211560,tm371622
590250,tm371622
590029,tm464947
157312,tm442354
986799,tm439678
986798,tm439678
157099,tm446558
97732,tm366383
428272,tm414340
428273,tm414340
271812,tm197806
812384,tm361161
293040,tm344562
101325,tm363878
193153,tm426238
323228,tm518107
350155,tm323602
940069,tm438250
249327,tm351181
201024,tm374395
196243,tm360763
590250,tm423802
211560,tm423802
236926,tm442805
37676,tm319127
59161,tm430666
1072062,tm431214
157746,tm369315
932877,tm408781
363906,tm361633
340069,tm327636
260063,tm349418
206543,tm153164
198145,tm428982
97294,ts56251
1010155,tm447263
37676,tm346398
211560,tm305227
590250,tm305227
753271,tm446104
358838,tm459024
946765,tm373864
117760,tm286520
325532,tm447261
141692,tm307698
124577,tm244277
401017,tm376844
895435,tm814861
767864,tm352642
56729,tm346390
80741,tm313118
923129,tm423315
357267,tm417488
836313,tm1073482
141692,tm353791
29739,tm444576
64710,tm434776
191665,ts55735
169151,tm364769
836313,tm1118527
890140,tm411508
31566,tm319477
192301,tm433215
593485,tm456983
159658,tm320756
177074,tm466084
255004,tm430459
29739,tm413266
853099,tm404569
85219,tm325610
385348,tm321563
1951223,tm1063790
37676,tm358239
211560,tm354136
590250,tm354136
113012,tm350945
230796,tm244310
211560,tm370781
590250,tm370781
211560,tm376709
590250,tm376709
328357,tm328041
236971,tm375836
788311,tm358370
590250,tm367105
211560,tm367105
188292,tm289882
318559,tm370472
211560,tm369453
590250,tm369453
211560,tm426367
590250,tm426367
202209,tm438005
211560,tm416134
590250,tm416134
99552,tm448690
1324096,ts97584
247954,tm371741
1603075,tm478147
917750,tm349134
853124,tm349134
725824,tm459527
247955,tm440324
1015547,tm450512
878122,tm403197
945037,tm429383
145776,tm458074
350812,tm440208
699590,tm336084
1819957,tm450769
270271,tm362737
1847911,tm480647
1913424,tm479734
341469,tm478654
246121,tm369079
914643,tm420789
241395,tm368448
263338,tm411528
750761,tm348281
113012,tm423593
980145,tm438105
1384645,tm471288
37676,tm346867
187414,tm312738
827772,tm404828
141593,tm242887
1302822,tm494577
160440,tm444799
816436,tm479933
146968,tm371188
281119,tm367613
211560,tm369452
590250,tm369452
861259,tm430281
141692,tm445852
1119674,tm512751
1013109,tm447915
141692,tm368697
62785,tm452767
65354,ts85660
318559,tm368006
638404,tm309251
211560,tm320949
590250,tm320949
748843,tm438423
334947,tm325650
161431,tm428877
1945747,tm478967
835112,tm364525
836313,tm1073433
318559,tm369456
37676,tm447514
633415,tm476959
1509907,tm422510
236243,tm362878
698269,tm362878
2324792,tm407881
836313,tm1073233
954038,tm426994
701746,tm421161
242651,tm246330
1081469,tm465864
761325,tm465864
1162178,tm481189
305623,tm332572
1420443,tm421125
179099,ts250172
260740,tm332500
225143,tm441915
176951,tm460198
634269,tm327926
1973649,tm458186
1596151,tm478701
229349,tm426260
1068221,tm463592
4505,tm441050
7893,tm681578
254016,tm366227
254015,tm366227
297519,tm832345
194535,tm832345
195528,ts81120
25347,ts82361
30688,ts82361
19321,tm414584
804120,tm427335
34157,tm427335
32704,tm417392
5634,tm369594
93629,tm368699
1363391,tm863808
603796,tm863808
3308,tm244149
32586,tm827638
32585,tm827638
1324,tm849022
69347,tm431321
9236,tm403709
4228,tm840196
56099,tm827648
5306,tm849004
881504,ts242210
809169,tm453862
30820,tm448792
891246,tm943790
64183,tm847085
160044,tm502532
2964,tm821789
3074,tm417553
25482,tm834851
648541,tm845489
1019758,ts222439
1172106,tm824398
1283388,ts223210
591352,tm818266
87623,tm460948
249253,tm911973
32926,tm362198
83479,tm244207
35300,tm372066
2163,tm832916
11146,tm239927
1134094,tm428856
36145,tm849003
42951,tm916405
51818,tm496322
1115053,ts105047
1658946,ts107724
235113,tm499045
53707,ts87364
53707,tm444017
325957,ts103133
1170914,tm820190
113340,tm943774
64197,tm470240
244287,tm426428
16731,tm458585
41126,tm319470
1498681,tm927718
147488,tm919961
43202,tm1121246
37477,tm925486
178176,tm456436
941003,tm432765
112738,ts224859
112736,ts224859
86520,tm417416
610739,ts223530
77785,tm441231
1704,tm927037
31677,tm443615
1182829,ts215683
446576,ts215683
300924,tm836438
119174,tm447788
589304,tm447963
31566,tm843444
111694,ts218802
7026,tm420826
254359,tm919864
209870,tm927480
288984,tm927480
8492,tm455636
23096,tm983787
13504,tm877681
10036,tm850404
22774,tm821143
47973,tm449105
2041823,ts89014
367494,tm460124
17495,tm678022
265962,tm433462
94326,ts225867
606969,tm441232
31757,tm464662
1734122,tm417055
22721,tm417055
235609,tm456156
305367,tm886464
47749,tm853783
1382446,tm853783
35602,tm853783
44634,tm935309
6315,tm428557
1496035,ts223404
79326,tm824477
18865,tm435520
248530,tm285317
29735,tm443179
45225,tm332071
51557,tm857430
51559,tm857430
1218540,tm824331
812503,tm878333
87510,tm414341
316403,tm845496
1273453,tm845496
375280,tm446176
375281,tm446176
280661,tm423666
331092,ts219080
15380,tm458553
86174,tm548602
31687,tm423140
1466932,ts237560
1013576,tm361998
30456,tm418847
91929,ts222835
2343215,tm348403
1155537,tm348403
164378,ts161737
116796,tm469193
1020214,tm450262
1020212,tm450262
7275,tm449195
117290,tm307133
6302,tm498803
29822,tm411750
32142,tm458467
615165,tm446609
117549,tm446609
68846,tm817709
12065,tm853953
4465,tm315255
294557,tm361746
14299,tm813695
253916,ts225101
667585,tm498034
23221,tm413660
265104,tm358770
83555,tm845484
2250329,tm934040
274414,tm443154
159658,ts236747
393019,tm863280
139962,ts116814
163136,ts251654
66506,ts251654
778612,tm355783
325297,tm469991
68341,ts268608
1716407,ts268608
4909,tm375883
194899,tm471878
24284,tm459742
13853,tm918706
96505,tm464351
3308,tm453099
253520,tm426638
1182,tm925584
231628,ts225787
156978,ts88296
279492,ts88296
67186,tm845549
163031,tm460829
40154,ts223126
361464,ts223126
25504,tm845512
64178,tm325325
227668,ts236501
291719,ts236501
1435320,ts86726
940889,tm918734
1712824,ts256309
13929,tm437221
17073,tm840438
1149771,tm817504
29693,tm827216
391988,tm369389
391989,tm369389
236212,tm858954
159650,tm828069
128280,tm852097
1844535,tm852097
53894,tm471967
5268,tm974366
226220,tm828317
111281,tm432022
1008658,ts223759
406394,tm455568
213097,tm931686
52728,ts81646
214440,ts81646
209171,ts81646
1916,ts81646
800926,ts81646
1681,ts91039
25139,tm812916
1322983,ts92547
258232,tm898474
65541,tm935895
59377,tm447159
701298,tm852996
2111128,ts215341
2110973,ts215341
2111106,ts215341
1554512,tm676311
589285,tm847430
19895,tm893480
19896,tm893480
722189,ts89075
6587,tm420455
14222,tm924991
594364,ts215046
7382,tm846964
21632,tm436778
24221,tm847998
19522,tm814671
1056091,ts237513
226574,tm844250
13025,tm819950
174180,tm885775
299475,tm936236
140312,tm890660
232943,ts223240
886669,tm465724
39808,tm370530
297807,tm845415
64710,tm827142
6587,tm922788
431005,tm459512
1610262,tm822246
31687,tm315348
14239,tm849005
102370,ts106015
1233397,tm839411
1962912,ts89832
255463,tm446625
1077713,tm827501
108069,tm935878
6315,tm428558
22600,ts84586
144332,ts84586
2023366,ts84586
19387,tm822907
605189,ts267956
734964,ts106126
1439225,tm850723
1363145,tm850723
37676,tm854669
5007,tm914535
1631,tm845535
1069099,tm948128
132499,tm853396
23216,tm316311
232942,ts221293
1153272,ts221293
787878,tm496648
26380,tm496648
20779,tm902330
180221,tm451548
21288,tm810547
44706,tm464557
113213,tm469008
680514,tm897732
27727,tm897732
168956,ts268560
24449,tm928541
140269,ts225460
318426,tm444247
15463,ts224072
438849,ts224072
65458,tm467579
276335,ts216493
102245,tm500565
101717,tm452826
18073,tm475836
1147458,tm475836
1676833,tm977464
251512,ts108392
383148,ts108392
108175,ts108392
295036,tm451512
1941239,tm927286
2000216,ts222606
323584,tm938793
1019758,ts86744
273840,tm941382
102077,tm941382
259891,tm933375
57821,tm833638
701746,tm475783
28178,tm451078
25469,tm451078
671210,ts91124
59291,tm855600
17494,tm827508
688104,ts89958
230853,tm120072
160413,tm856375
39743,tm462903
300417,tm845437
316884,tm814150
366677,tm461366
258697,tm981451
1118042,tm981451
3754,tm855827
375436,tm511940
1607290,tm890674
245822,tm834291
1222965,tm524282
812300,tm524282
158710,ts216474
232480,tm881162
147323,tm881162
129049,tm471922
375281,tm877456
375280,tm877456
64614,tm818502
427035,ts236725
427036,ts236725
119781,tm884511
111860,tm887450
64704,tm430171
20418,tm936396
57163,tm425698
1165871,tm371882
185486,tm858001
185519,tm424074
879305,tm885860
170954,tm469400
98241,ts86927
37676,tm467299
787502,ts321758
26922,tm843768
87719,tm458721
1538978,tm918701
123043,tm571805
182970,tm501222
34975,tm848995
1736595,ts224164
1853495,ts224164
1463117,ts224164
342224,ts224164
842610,ts224164
1853534,ts224164
1050822,ts224164
1496035,ts268890
255252,tm463385
255253,tm463385
450613,tm826563
301457,tm826473
268929,ts226602
19813,tm823355
88834,tm942240
35650,tm483997
49746,tm920096
139325,tm864480
119990,tm898262
14299,tm824165
159658,tm465231
417627,ts215718
130050,tm883189
52742,tm458127
73757,tm475339
637512,ts268551
1383561,tm881859
12242,tm503508
1553173,tm827304
1552516,tm827304
50405,tm461829
7000,tm434553
232677,ts225716
54911,tm848996
163420,tm448767
1019905,ts89048
636756,tm912373
603028,ts225669
1505492,tm670553
297630,tm847629
738431,tm893816
111860,tm823488
352698,ts89291
68500,tm467804
605280,tm922532
66532,tm844642
158489,ts114080
384925,tm878842
88513,tm855483
690957,tm447520
104871,ts89876
237745,tm679284
1046901,tm454824
195918,tm453850
290914,tm447439
40657,ts222933
236478,tm467467
34770,tm467467
1714680,ts269690
55776,tm834664
67533,tm497383
25042,tm978401
326781,tm449594
1575679,ts251560
50031,tm452851
347103,tm457856
22234,tm554944
280344,tm931158
147371,tm834230
255205,tm470836
67688,tm470836
729964,tm472411
99552,tm454375
325626,tm837756
357930,tm305433
93319,tm305433
25777,tm819054
295415,tm863890
84907,tm490222
1790441,ts86928
51574,tm838876
22977,tm868777
22243,tm846166
143161,tm450478
118978,ts185885
1734052,tm917325
1729834,tm986700
97976,ts217891
33087,tm838687
127421,tm856593
1329393,tm844662
282335,tm446581
34170,tm494731
380904,tm886283
1420663,ts225430
258244,tm844513
690250,ts255809
1396414,tm884369
202101,ts189629
426760,tm858416
364219,tm836662
1962912,ts223895
269916,tm812998
127816,tm889629
323632,tm897170
127297,tm917974
113202,ts88841
108483,tm916997
1324702,tm852662
381984,tm376739
1307675,tm849937
1232873,tm932609
201464,tm898169
589225,tm898169
1317273,tm851346
375672,tm894619
31687,tm885805
184159,tm483420
29735,tm918853
36618,tm814644
312779,tm850822
1363930,tm857187
813127,ts225102
279363,tm925785
225117,tm855535
49538,tm514494
23219,tm453903
319856,tm843938
230679,tm674099
1141112,tm811971
182970,tm835432
867990,tm413558
846853,tm470560
254716,ts90095
127816,tm954543
39532,tm434830
1625314,tm893680
239146,tm824559
34413,tm835486
991826,ts223238
84945,tm915043
426253,tm887369
66638,tm493175
139152,tm283581
1509187,tm917036
62200,ts104485
414974,ts222049
355324,ts222049
180215,ts223456
59571,tm861718
281619,tm458893
35712,tm854278
11209,ts191121
1403146,ts236051
1403149,ts236051
1754286,ts213544
637480,ts213544
32565,tm898699
39517,tm840224
60167,tm453098
331767,ts269501
271238,tm848443
109542,tm898773
59828,tm883441
1390367,tm883441
412202,tm813929
1479856,ts238242
271084,ts238242
1353965,tm857921
256619,tm465408
1116008,ts220983
65462,tm452573
300832,tm822596
285642,tm319139
200534,tm495609
117114,tm470597
117115,tm470597
200401,tm502151
1255988,ts245653
1140351,ts245653
1255672,ts245653
46874,tm456074
1018915,tm461159
340069,tm816593
172962,tm454861
1206894,tm850862
627537,tm860965
1622332,ts252166
236590,tm919106
53996,tm919106
148411,tm467848
236149,ts223659
808171,tm845532
1179933,tm845532
860233,ts225539
66544,tm836674
1153263,ts90902
1153272,ts90902
1501841,tm912400
1063231,ts88821
387493,ts91034
74176,ts91034
243311,ts91034
1080864,tm816038
49519,tm943718
919023,tm423624
962815,ts88133
340013,tm518467
56015,tm826368
711902,tm454096
236762,ts104507
288247,tm831873
828429,tm856424
251023,tm884581
917764,ts218176
2354,tm885669
643513,tm843276
255269,tm941531
677294,ts221851
61363,tm873159
46591,tm430106
231874,tm836638
1133439,ts88352
251023,tm452440
57065,tm949267
979709,tm820116
681165,tm820116
1891,tm458363
159610,ts89331
139218,tm856545
1202297,ts219422
63672,tm886214
57821,ts237071
1236673,tm425944
5892,tm888080
271548,tm925490
345439,tm450095
32023,tm452867
606531,ts87372
226132,tm450698
1414314,tm895839
1414311,tm895839
286460,tm454156
5024,tm897418
1378617,tm857397
127816,tm960414
1120300,tm475430
269821,tm897771
65375,tm897771
1170006,tm351938
354236,tm460360
337575,ts222609
873354,ts59542
240494,ts59542
271008,ts59542
48824,tm494531
66690,tm1127695
66691,tm1127695
421830,tm1127695
1504442,ts235979
1427892,ts235979
271436,tm818786
2022586,tm674135
119435,ts87698
1070479,tm817087
1145945,tm817087
357641,tm484989
750065,tm455197
595438,tm431349
33881,tm886086
127816,tm889679
172962,ts101042
12065,tm835869
25884,tm450673
148741,ts218367
49351,tm455410
206162,ts222803
244311,tm470378
352344,tm472766
24284,tm857399
194902,tm428506
7328,tm464435
227610,tm832903
173881,tm910612
784933,tm885845
298839,tm468724
220193,tm925218
1651910,tm973704
1070162,tm485801
1656118,tm954606
907499,tm469025
760798,ts223242
186349,tm458418
127699,tm458326
183257,tm948916
319878,ts224891
161211,tm917822
53156,tm464888
1282914,tm846941
45230,tm848663
61028,tm848663
61026,tm848663
61027,tm848663
1635488,tm854876
1424733,tm882887
288247,tm473601
288141,tm821164
258024,tm840723
193222,tm857051
1350403,tm857051
64751,tm458328
240568,tm931330
61161,ts269157
184684,tm889200
1264101,tm823302
38939,tm847623
38906,tm832843
49336,tm375446
167332,tm822832
169436,tm849407
323409,ts223084
19522,tm898759
87080,tm889390
43188,tm889390
1426427,tm889018
1100212,ts224198
971813,tm946604
1147388,ts100354
293294,ts100354
114227,ts254817
160681,ts254817
1020613,tm450375
247954,tm954303
21954,tm452962
67789,tm493511
191608,tm881891
1167915,tm460815
51001,tm883113
182854,tm880059
1747322,tm998899
37293,tm474862
839165,tm372035
38260,tm449590
198532,tm849251
1128703,tm975765
841435,tm827640
831119,tm827640
15379,tm850454
16300,tm947555
121755,tm835305
321916,tm843944
923454,ts217356
315143,ts217356
276568,tm460259
172619,ts256898
342062,tm879609
1578929,tm426630
36471,tm932595
706537,tm451584
63464,ts268758
55184,tm918962
92978,tm1081074
1235112,ts86365
273840,tm466832
102077,tm466832
333164,tm464527
87950,tm945825
68494,tm927926
1340705,ts225379
167243,tm474548
4096,tm819107
414373,tm827168
1230671,tm838869
64957,tm812781
1356434,tm884616
1650232,tm945168
11709,tm933639
202602,tm847805
36204,tm938227
1205586,tm910999
190589,tm980097
64957,tm475501
8192,tm845552
12676,tm845552
326685,tm948607
200689,tm818588
1321577,tm852060
1095843,tm469432
188292,tm842829
699032,tm898180
316615,tm461827
164231,tm814734
171167,tm450832
115591,tm849131
201444,tm925858
1591505,tm932201
41239,tm428702
85063,tm475162
186229,tm853910
279892,tm853910
37676,tm818154
161306,tm450462
286453,tm474695
69060,tm447755
661415,tm912415
1081821,tm465984
317430,tm429172
1224103,tm821662
13050,tm819497
254080,tm465427
395972,tm452929
1216826,tm937265
176086,tm421560
51574,tm973536
74401,tm854682
51574,tm466255
969882,tm462551
611302,tm863879
1501859,tm912327
1132571,tm473813
73804,tm840761
1382874,tm878995
1784470,tm878995
39576,tm982100
56786,tm483602
939796,tm931436
51574,tm838705
1360859,tm901947
33155,tm975398
38631,tm470252
55521,tm463038
57599,tm462778
263319,tm830795
31791,tm849323
1578929,tm919920
254616,tm462611
718603,tm453727
308306,tm814894
39469,tm816992
169580,tm477006
168360,tm839761
796919,tm908529
311742,tm944331
1617409,tm940566
1746681,tm979689
299824,ts217389
917985,tm851912
65822,tm926528
67115,tm838765
1437285,tm890591
883868,tm856945
800277,tm856945
2329963,tm977952
1353570,tm857805
271112,tm892081
1232098,tm912190
64438,tm678851
69221,tm919903
53524,tm474061
47097,tm675171
309801,tm467116
279878,tm467116
653831,tm494847
1273960,tm373471
358009,tm511991
193726,tm938466
240883,tm850730
300128,tm842817
1381783,tm884531
420676,tm871330
137192,tm957567
240416,tm841410
238177,tm841410
52006,tm431810
235916,ts112733
203553,tm946801
53524,tm918373
654537,tm869373
1077744,tm946927
1532066,tm945435
1086922,tm466954
16650,tm850176
32456,tm850176
1555883,tm845020
1752479,tm843345
1177434,ts217045
159472,tm889647
226239,tm847008
322278,tm845850
74176,tm946718
1265288,tm844208
1265286,tm844208
1068809,tm462660
1030550,tm977478
841235,tm910040
25796,tm452574
1314218,tm483511
1097792,tm469966
912224,tm420181
1978797,ts90063
161482,tm828326
253546,ts89182
68596,tm455161
1532066,tm919082
46275,tm452996
184723,tm866782
91394,tm826875
91393,tm826875
1308573,tm882875
347301,ts251072
323228,tm897794
1291054,tm828570
325878,tm825952
368513,tm462277
269874,tm943771
344390,tm838007
303773,tm817284
1415526,tm887052
1415023,tm887052
297763,tm834608
39576,tm977782
418088,tm459329
104517,tm933826
889093,tm849599
1228992,tm838022
134546,tm863514
1255724,tm863514
134368,tm981475
307552,tm461726
1276495,tm845616
1294333,tm854454
79437,tm810423
170547,tm849102
191402,tm946277
1570112,tm925186
256416,tm925186
49538,tm514257
2027102,tm1013697
1368777,tm863992
1394809,tm863992
1387310,tm882700
1320404,tm851862
74476,tm837648
818679,tm837648
1291639,tm837648
1304815,tm837648
1707389,tm976632
38939,tm843958
178560,tm431769
376078,tm366245
1560830,ts241460
67759,tm1079495
1942169,ts256297
26102,tm472195
1506182,tm971431
49610,tm466426
172962,tm943808
254888,tm451852
265990,tm844978
1269937,tm844978
1629129,tm835512
186301,tm918258
296413,tm972010
642677,tm426634
247479,tm442199
1278410,tm908777
832528,tm908777
255818,ts225647
1964270,ts225647
146968,tm852728
844210,ts269283
159610,tm847678
160651,tm835414
104987,tm859143
1511385,tm918026
247954,tm812593
158963,tm810642
194071,tm845370
59758,tm457296
315923,tm822271
240919,tm810836
67981,tm473647
270481,tm452900
931395,tm840216
1260333,tm857873
1240211,tm492043
1335121,tm854749
1166257,tm923612
325532,tm456894
12065,tm465513
165470,tm973335
1968580,ts222625
144400,tm234980
196662,tm234980
1953944,tm980358
723678,tm468200
783835,tm837690
1013852,tm885364
334830,tm845588
595540,tm828318
61026,tm893874
596816,tm929600
596815,tm929600
1273927,tm845594
1075010,tm464212
1272497,tm832463
1302796,tm938333
1302215,tm938333
916239,tm842976
232016,tm824324
1377276,tm463814
285459,tm907872
64957,tm845117
324377,tm834121
1583996,ts233367
955673,tm456271
277066,tm850382
595600,tm938048
597312,tm824560
66544,tm813936
256633,tm832844
1511385,tm982569
1092831,tm468651
191389,tm881575
676501,tm907704
123176,tm462037
117061,tm946795
238046,tm474647
821467,tm822502
1290996,tm484173
1525678,tm918894
315802,tm842869
347715,tm842869
165470,tm847212
1603075,tm931701
328245,tm1020701
80741,tm457410
305367,tm917999
256366,tm461532
1537912,tm862830
1537798,tm862830
1284311,tm851860
293189,ts90466
1538670,tm920320
1377276,tm467955
1676683,tm976168
1989175,ts89656
812336,tm845942
139643,tm950808
1125713,tm507191
1116246,tm474496
247954,tm466850
947691,tm115973
1173334,tm823459
247954,tm849871
38906,tm896246
1279205,tm845607
304265,tm881984
1322745,tm917846
69492,tm921416
1539289,tm881973
180447,tm881973
55912,tm452237
1344,tm851499
344364,tm851499
65374,tm813938
369588,tm818499
630039,tm818499
1329183,tm853485
264963,tm898285
2334062,tm830994
673171,tm830994
331623,tm819016
1302822,tm1080109
157312,tm848261
1466773,tm908128
1148421,tm813634
1190751,tm477403
376868,tm854786
257475,tm843143
1200162,tm813423
1539289,tm927033
1539288,tm927033
336641,tm830833
1302796,tm887376
1302215,tm887376
1171252,tm859424
406097,tm677746
227001,tm810873
1023252,tm475638
850586,tm437379
383289,tm437379
2088374,ts229700
1484930,tm902363
158359,tm839479
860860,tm405637
1278410,ts223098
795897,tm885948
212982,tm475815
128449,tm435836
940069,tm812783
2021044,tm1028083
1179277,tm824566
324181,tm813075
1228195,tm837843
2201768,tm893510
315555,tm996316
326715,tm847630
158334,tm430120
1239937,tm977772
369224,tm981770
590030,tm1004219
315163,tm866495
1035130,tm439365
141692,tm683841
592641,tm922407
303773,tm822272
247954,tm467735
318426,tm832684
1713682,tm984018
1327664,tm984018
432789,tm373655
37676,tm452578
118027,tm840208
1413199,tm886360
158298,tm819841
988644,tm832289
363630,tm464509
671379,tm912399
601818,tm824858
754438,tm835958
424372,tm947446
225143,tm953122
1717859,tm984935
275382,tm454464
613374,tm843222
1308711,ts45322
934831,tm929614
171186,tm854261
1491511,tm937044
1285682,tm937044
1774203,tm435327
146668,tm834715
1669829,tm1036794
1338460,ts223115
1145325,tm814652
159658,tm835445
1062894,tm461427
772256,tm815438
926410,tm468811
690875,tm883070
141099,tm883070
813564,tm929630
1154847,tm810357
1962840,tm1005937
866604,tm831934
247998,tm830151
363906,tm899554
141210,tm860204
776231,tm975616
32565,tm840242
158325,ts87599
2099021,tm1114639
177714,tm838954
265791,tm938434
242209,tm466854
316466,tm472999
836313,tm1073424
1554688,tm924556
298758,ts268997
832040,ts221472
1448328,tm831196
1302796,tm918959
1302215,tm918959
176791,tm831125
262193,tm474618
117061,tm675214
294369,tm453994
191907,tm453994
1327983,tm677904
1381525,tm890479
904053,tm476708
277353,tm935941
1289666,tm936519
212508,tm834653
1607290,tm472961
1165542,tm818239
385348,tm852207
1194860,tm820338
289600,tm675154
1224698,tm679270
360564,tm540277
1381967,tm882222
1200162,tm840152
589555,tm475254
1119505,tm475254
1119508,tm475254
1119500,tm475254
1119504,tm475254
1119509,tm475254
1119501,tm475254
1119510,tm475254
1119513,tm475254
1119512,tm475254
1119514,tm475254
1850450,tm1030742
1659024,tm1031016
1302822,tm878495
2033320,tm478962
1967273,tm1068745
66049,tm814953
1023252,tm855232
826404,tm935993
1077217,tm848444
1387590,tm882606
234503,tm976519
322513,tm888850
1185490,tm826677
323228,tm1088545
1103270,tm833555
1230108,tm435295
85751,tm980439
1326091,tm678035
1147784,tm846630
821467,tm885938
234720,tm824855
1344,tm983849
1255999,tm894241
795897,tm894241
281903,tm464284
1552742,tm922943
1302822,tm878492
1628439,tm944561
1628577,tm944561
1302796,tm977184
1302215,tm977184
315555,tm873655
1496820,tm867288
1561765,tm925702
875402,tm811954
1796489,tm1000551
1716544,tm981675
247054,tm460199
1253353,tm816983
644162,tm823848
168360,tm822167
954517,tm918704
1023252,tm837802
1748876,tm989205
1326763,tm853091
951125,tm919210
1669829,tm1028068
248003,tm849565
1793832,tm1000166
1385190,tm944307
229349,tm472231
240357,tm460149
305436,ts255823
1339585,tm856372
266658,tm493556
1164424,ts215869
1279135,tm530822
109273,tm530822
1975912,tm1073298
1246186,tm816432
958590,tm461907
898837,tm461907
993148,tm463217
154182,ts89531
595551,tm454431
700186,tm446480
1023591,tm869307
889382,tm979073
1909087,tm1041549
1387587,tm879556
158359,tm454338
247954,tm470687
157723,tm474405
1105471,tm471802
1086864,ts89740
613374,tm836449
640067,tm462809
698269,tm455715
236243,tm455715
10211,tm476496
225143,tm815509
1302822,tm898322
1618383,tm940835
1618245,tm940835
146968,tm846354
1023252,tm823350
1509670,tm915354
229014,tm451502
243105,tm450129
247998,tm921230
157714,tm826983
278401,tm451269
236243,tm840236
698269,tm840236
254006,tm460411
86707,ts90093
590681,tm1082564
31941,tm1043537
31231,tm674063
1013639,ts225061
143386,tm1166024
593002,tm1075698
8555,tm1120543
318760,tm1185367
61141,tm1083293
116922,tm979026
119174,ts311987
1092,tm856378
10195,tm852172
31405,ts256072
17793,tm413169
336944,tm1185374
350631,tm1064065
125483,tm1137051
15060,tm1080083
194535,tm1191224
297519,tm1191224
139506,tm370144
8905,tm404856
103822,tm937814
387166,tm937814
296037,tm825714
2331571,tm1196288
67900,tm1014947
159658,tm1185421
274954,ts225855
2106701,ts225855
11161,tm1142224
162110,tm1142224
385667,tm1142224
304190,tm1142224
43966,tm1185360
43964,tm1185360
58785,tm1165983
53952,tm857461
945933,tm1120855
62308,tm1019177
80234,tm1166288
7900,tm1166020
278687,tm1066826
15611,tm991529
271970,ts343430
272971,ts343430
290914,tm1092864
3809,tm986168
71356,tm983784
1287699,tm1150385
819928,ts232107
1069117,tm1033470
242191,ts94677
227880,ts251675
1066062,tm1185687
280308,ts314164
142171,tm1111987
1566353,tm946869
8226,tm471968
65889,tm1138477
237388,ts250998
178852,ts250998
41959,tm1048362
49431,tm501313
160223,tm1110527
13590,tm983723
8888,tm1046026
70632,tm1022103
5606,tm456513
590921,ts321513
885769,tm1119272
308,tm1038686
354355,ts287976
840825,tm1191019
17713,tm347095
30991,tm855839
187926,ts312984
1887786,tm1048678
29678,ts287352
335849,ts287352
1400596,ts287352
16681,tm851128
394013,tm1179973
1751,tm1046932
274463,tm861000
1153272,ts302363
234346,tm859005
76718,tm1002815
2238904,tm817075
1899527,tm1087461
234391,tm1188819
192030,tm1092958
10009,tm416779
1518759,tm1000619
273329,tm1187913
363792,ts282131
329835,tm1141439
1636595,tm1141439
1258653,tm1185388
159658,tm1200703
162230,tm1003630
417627,ts328194
275973,tm1046627
786140,tm1046627
383301,tm810504
21953,tm1046264
2329963,tm1185506
2312500,tm1185506
100785,tm992844
10710,tm1075215
1511385,tm1168932
1983945,tm1003034
246997,tm813078
36224,tm1110150
954232,tm1000147
1790441,ts271867
26285,tm1027081
180221,tm974195
7107,tm1021871
94424,ts273229
74986,ts273229
86236,tm1063652
773077,tm841825
1421134,tm993670
367083,ts328605
851750,tm1151272
160831,tm1005109
675713,tm897466
14135,tm314863
10050,tm841797
1261229,tm977704
163917,tm977704
2324382,tm1202960
40583,tm525645
237745,tm1141594
1026671,ts330289
197465,tm1107225
86518,tm993838
248792,tm1020820
127239,tm999927
48814,tm1198745
767791,tm1093099
1066887,ts297483
158614,tm858869
230786,ts343404
2306720,ts343404
24946,tm833216
24947,tm833216
28379,tm1159163
47871,tm1096775
1959810,ts343251
2809,tm912100
59658,tm458292
250298,tm981945
749709,tm465421
64710,tm1108321
204172,ts288087
16441,tm992260
5892,ts306203
293137,ts284702
68633,tm1079334
12686,tm1131382
40583,tm824160
25796,tm459789
435492,tm919880
232943,ts288744
116202,tm1038344
68544,ts287532
23471,tm863351
48795,tm976166
55667,tm949309
1845995,tm1018890
2157947,ts319303
131886,ts319303
10822,tm1064228
15380,tm1018427
47088,tm855075
268929,tm1104532
87623,tm1165219
430881,tm1020851
1692039,tm1020851
67131,tm1138870
7382,tm1158704
1253728,tm1044275
1108555,tm1044275
1329393,tm1187638
316615,tm1182144
198532,tm1146393
255218,tm1038327
949851,tm1080252
229068,tm1173806
30688,tm1198504
25347,tm1198504
254741,tm1198504
64802,tm473502
111433,tm1073510
949886,tm1025493
603702,ts317422
1920795,tm1195032
32409,tm1087160
29887,tm1038363
120670,tm1039147
180171,tm1107063
1744707,tm1082974
117206,tm1167440
2032827,ts304468
191577,tm922429
191578,tm922429
1717996,ts315041
214799,tm983658
2291950,ts329854
2291848,ts329854
2291874,ts329854
2291830,ts329854
2291961,ts329854
2099198,tm898614
47088,tm858000
40583,tm922706
68457,ts280892
345564,ts280892
1145248,tm1183542
255818,ts301915
706706,tm1042481
2308,tm1042481
722189,ts268102
1043502,ts311791
248812,tm1177856
1547788,tm673809
809946,tm673809
288723,tm673809
1949195,tm434625
1248604,ts222864
1031749,tm999817
228262,tm1045741
57599,tm1132176
233719,tm1020326
64704,ts299874
257865,ts257345
26133,tm1038369
97045,tm1141923
236212,tm1102868
1244324,ts288489
12627,tm1052498
22297,tm1150872
119174,tm1003353
113012,tm881587
1082683,ts320302
1066885,ts288005
16133,tm1110389
38906,tm1003261
265393,tm1086874
30395,ts246073
140611,ts246073
995111,tm863823
431005,tm860261
1297373,ts308838
1488419,ts308838
394013,ts308838
1602269,ts308838
2141896,ts308838
785460,ts308838
1820411,ts216407
18336,tm1028298
185147,ts271025
291753,tm983668
352743,tm1120509
254741,ts317078
156925,tm166973
308514,tm1082314
1375617,tm1134006
225490,tm1134006
1153271,ts271321
159658,tm1174920
279470,tm1131061
27557,tm1030495
274373,tm1030495
270263,tm1162608
41199,tm1120902
41200,tm1120902
124537,tm1093287
1876920,tm1144897
5493,tm863919
164231,tm1087932
2004527,tm1074764
2115420,ts313689
243574,tm1106212
2140408,tm888243
1960979,ts283610
827184,ts283610
10216,ts283610
68302,ts283610
761114,ts283610
194555,ts283610
195612,tm1049155
7166,tm675820
112496,tm1150256
18789,tm1087956
11696,tm993790
71207,ts296129
187205,ts320557
1826711,tm984204
2086146,ts301196
2086384,ts301196
4485,tm1020073
194555,tm1127479
296514,ts223450
43538,tm1003725
12484,tm983270
967765,tm319224
973379,ts301914
182741,ts268835
1959909,ts268835
2246802,ts317612
242963,tm1166015
147323,tm1096769
111677,tm1096769
1013852,ts269286
2132316,ts320075
1750367,tm1092995
761991,tm963182
398269,tm963182
763556,tm963182
71207,ts296091
254542,tm1083068
724276,tm1102891
250754,tm1137862
273329,tm998188
124464,tm1036270
35650,tm921206
9233,tm988736
258262,ts308039
2081855,ts308039
834952,tm991351
1756805,tm991351
196352,tm1077013
1009136,tm972519
1185454,ts315551
938496,tm1040688
938498,tm1040688
1202297,ts319412
1044859,ts326955
233825,ts326955
38906,tm998858
149138,tm1000797
185619,tm362072
272856,ts272366
56015,ts272366
99936,tm880822
8942,tm433048
234353,tm1031976
170999,tm1125844
124506,ts258415
257781,tm872108
71207,tm985550
51558,tm948681
284095,ts302653
2328518,ts330132
1014984,ts14520
1086010,ts14520
157010,tm1029256
1185454,ts315549
85881,tm1108621
65002,ts257817
108240,ts296069
1122542,tm810494
700992,tm950444
57101,tm894254
108240,ts296059
51001,tm998726
322420,ts260502
1893090,tm834847
206666,ts326029
191646,ts326029
1953890,tm1064532
136322,tm1064532
1953949,tm1064532
1954040,tm1064532
1597508,tm1064532
646068,tm1040671
31968,tm984155
1023428,tm996010
37064,tm1077201
254402,tm1171107
91392,tm1038355
1153272,ts288472
1909214,tm1041543
241966,tm945448
1343104,tm949382
732045,tm1030283
2294335,tm1185568
213412,tm1185568
828322,tm421437
38641,tm466544
1427086,tm1106806
254542,ts226392
1339263,ts226392
250110,ts312094
1528942,ts312094
135372,tm1119136
301457,tm1098514
282432,tm1000599
1061265,ts288195
1804098,ts288195
1919687,tm1104252
718602,tm1084481
900715,tm1107912
1803912,tm1002408
207953,tm876608
68844,tm1119015
1122250,tm1143058
631965,tm454879
1023428,tm996040
319638,ts321437
183527,ts321437
230357,ts291150
601875,ts291150
230356,ts291150
1752721,tm982887
2257001,ts330012
402611,tm1111920
64710,tm1174856
851750,tm998033
194772,tm983730
39803,tm1022893
1046298,tm1143258
813354,tm1111616
1993247,tm1011188
1374939,tm1159301
225752,tm1178876
250797,ts254928
20730,tm1040337
644799,ts287703
1966102,ts287703
1268455,ts287838
590921,ts279953
2263034,tm1173363
589285,tm1102151
22443,tm979688
2208804,ts329882
88113,tm1018418
255554,tm1018418
2022586,tm1165118
925892,tm902870
66549,tm1091155
66550,tm1091155
186070,tm872496
297627,tm1179579
127816,tm1111595
42513,tm960145
235916,tm990835
285285,tm1115392
730237,tm1082359
265541,tm1047190
363870,tm1038857
260608,tm1043290
446034,tm1115800
317117,tm1115800
142171,tm1000037
318797,tm1023388
104119,tm1130264
2017936,tm816591
1217184,ts275448
42159,tm1088320
44948,tm1088320
184723,tm1065788
1753026,ts270807
254741,tm926580
73538,tm1152323
56726,ts273461
2082159,ts273461
1273945,ts273461
994783,tm1130995
105948,tm979182
2112940,tm1092309
246959,tm1031186
681627,tm1092075
758278,tm1017664
433041,ts297763
172569,tm963023
1231072,tm960430
291804,tm993435
317748,tm993435
290972,tm1000296
827868,ts292446
1853595,tm1031448
1935314,ts306135
251023,tm992279
1984086,tm1080406
143208,tm1070032
852997,ts311958
1511385,tm1128292
227610,tm890013
73804,tm1129394
298233,tm950360
395716,ts287941
95760,tm1001108
8030,tm1160484
129683,tm1119455
252020,tm1119455
611302,ts283639
54723,tm1063034
1253934,tm1174919
1904729,tm1040733
80780,tm1006127
1603809,ts254956
1603802,ts254956
1636639,tm1137797
256586,tm1022912
56729,tm1130275
1414429,tm886188
592575,ts303513
1426427,ts303513
2144584,tm1094069
39125,tm1094069
781400,tm1075596
2222711,tm1160938
644298,tm1160938
1830626,tm1160938
2222740,tm1160938
1437285,tm1204412
212973,ts304690
595905,tm1027297
1387310,tm1172600
51682,tm1120937
117061,tm1102570
747464,tm990983
192618,tm867681
324589,tm1160424
389284,tm1114205
321045,tm1049290
1821917,tm1002869
2205191,tm1150800
409703,tm861018
251102,tm980657
1629029,tm1131895
277285,ts61384
347583,ts61384
300892,ts61384
300891,ts61384
1837728,ts61384
335006,ts61384
756837,ts61384
269916,tm958688
2204780,tm1150727
1603325,tm990972
67622,tm1013111
289598,tm1073802
290206,tm1063013
162291,tm1039422
246370,tm859256
28862,tm1001267
1819378,tm1111717
51076,tm1082515
246837,tm876997
158489,tm1118234
1693208,tm1102226
78984,tm876083
387752,tm1038364
180211,tm1116525
1178564,tm1119172
658434,ts286218
240575,tm1049265
735738,tm1152224
611302,tm1001095
596806,ts296201
193316,tm977620
1013852,tm1045603
1239922,tm1161223
1236722,tm1161223
1822538,ts282876
1348916,ts331449
2297297,ts331449
2298293,ts331449
1532066,tm975741
1201185,tm1054462
454555,tm1054462
2022521,tm1054462
2022564,tm1054462
1913379,ts287729
1666278,ts287729
1917289,tm1101878
1449158,tm986017
305471,tm1037704
67385,tm1027639
1420737,tm997608
1651071,tm1001619
1062819,tm1109843
726116,tm904862
252210,tm904862
166267,tm1025318
1258991,tm1025318
66930,tm1025318
67349,tm1025318
251023,tm954297
2140886,tm1124066
211560,tm1124066
787878,tm1106551
946344,ts316882
169637,tm1031499
2077132,tm1108010
117299,tm919869
446979,tm1000185
1836865,tm1020293
176927,tm1096880
65942,tm942277
163491,tm981676
146631,tm1037687
124773,tm1033803
1217066,tm810657
1814647,tm1027712
1179440,tm1164320
1071320,tm1164320
116521,ts282214
934831,tm988879
940069,tm1068777
680043,tm1030071
229339,tm1037519
236838,tm985712
2071574,tm1142245
812101,tm869475
232710,tm1106900
230687,tm1091823
163027,tm1003376
607187,tm1068632
596633,tm1111559
1896468,tm1039168
1011808,tm1165244
186229,tm1110205
350219,tm1110205
255463,tm983466
352023,tm1064988
1836261,tm1028026
174508,tm1107848
342313,tm1053409
186170,tm1019865
256633,tm1159947
159884,tm1024062
1096294,tm1038096
1748433,tm989502
184809,tm1030241
880972,tm1099969
141210,tm1024535
1919687,tm995613
1128703,tm1068692
424372,tm1127511
401236,ts288861
2132536,tm462311
104099,tm462311
1066844,tm462311
169761,tm462311
2117351,tm1120636
2117413,tm1120636
56693,tm990740
2279151,tm1166429
80724,tm1141663
184181,tm1033635
2076529,tm1107850
474304,tm1073555
39576,tm1042277
1040756,tm983722
590029,tm1147041
2315441,tm1183575
2315502,tm1183575
241397,tm1102856
1147578,tm988801
68500,tm855340
1150050,tm1076198
1184081,tm1037800
1876920,tm1029314
1558,tm1080114
52006,tm1099320
260368,tm945283
2217212,tm1159298
801018,ts270616
2112097,tm1119331
925235,tm1022280
277066,tm998678
885503,ts269300
2117583,tm1120766
2117569,tm1120766
208396,tm1018592
2105898,tm1102410
1664935,ts268103
753271,tm1121084
232711,tm863829
1967178,tm1068720
1967430,tm1068720
178219,tm1049317
1201552,tm831387
1950416,tm1059008
161306,tm856634
763796,tm1064193
228433,tm1110241
1754029,tm1109080
875149,tm1043655
727906,tm985747
1299567,tm985747
1999692,tm1015884
134688,tm1121098
1131338,tm1067260
147955,tm959213
731885,tm918777
805768,ts285422
146826,tm886193
68119,tm987730
2118106,ts297685
1092831,tm1045883
1862177,tm1032950
169037,tm988613
63129,tm1110212
720323,tm1110212
117061,tm1122095
745342,tm1038025
164764,tm997617
1560574,tm1036797
903031,tm1027177
1041504,tm1082795
1950442,tm1082795
591491,ts309235
243787,tm1091284
138721,tm1091284
127941,tm1091284
243105,tm998544
365400,tm982470
365399,tm982470
2221139,tm1146635
134688,tm1091956
2044574,tm1094060
1936306,tm1046969
1103270,tm1063339
1468136,tm1080697
1074079,tm993616
66049,tm851599
132589,tm1040832
69823,tm1025616
141253,tm846586
1582756,tm1106888
1197537,tm996479
1827884,tm1097142
1077217,ts297061
243467,tm878575
271129,tm878575
753271,tm985215
918476,tm1004011
1790433,tm1040816
1962840,tm1014599
1278319,tm1108171
363804,tm1045018
2050423,tm1098060
