ts300399,US
tm84618,US
tm127384,GB
tm70993,GB
tm190788,US
ts22164,GB
tm14873,US
tm185072,US
tm98978,US
tm119281,US
tm67378,US
tm44204,US
tm44204,GB
tm69778,JP
tm69997,US
tm96649,US
tm16479,US
tm135083,EG
tm14491,US
tm89386,DE
tm156453,US
tm27298,EG
tm356209,IN
tm204541,EG
tm14350,EG
tm102287,EG
tm76557,EG
tm71909,IN
tm94651,IN
tm19608,EG
tm90896,DZ
tm90896,EG
tm75975,IN
tm97793,EG
tm85426,EG
tm188894,EG
tm107372,IN
tm200475,LB
tm259855,FR
tm259855,LB
tm259855,CA
tm259684,FR
tm259684,LB
tm259684,CA
tm344089,IN
tm358653,IN
tm100027,IN
tm100027,SU
tm10204,IN
tm403346,IN
tm16812,IN
tm336403,IN
tm119776,US
ts20681,US
tm111075,US
tm180542,US
tm180542,IT
tm138875,US
tm155792,HK
tm155792,US
tm22327,GB
tm22327,US
tm54450,US
tm2386,US
ts22082,US
tm145608,US
ts21715,GB
tm41289,US
tm132694,US
ts20678,US
tm117580,US
tm20712,US
tm130586,US
ts25028,US
ts23753,US
ts2760,GB
ts987,GB
tm125985,JP
tm40103,JP
tm21953,US
tm152839,US
tm62924,GB
tm114356,US
tm147829,US
tm126769,AR
tm49037,JP
tm159912,IN
tm133914,GB
tm38736,US
tm258072,US
tm52815,IN
tm137013,US
tm157853,US
tm157603,IN
tm45720,KW
tm55091,US
tm151332,EG
tm151332,FR
tm24110,US
tm348735,IN
tm51083,US
tm126791,EG
tm186777,EG
tm311264,IN
tm172482,IN
tm52274,FR
tm52274,LB
tm132164,US
tm342996,IN
ts63001,US
tm411457,IN
tm371359,IN
tm446654,IN
tm47673,EG
tm419052,IN
tm11556,US
tm11556,JP
ts20981,US
ts22176,US
ts22176,CA
ts21223,JP
tm122434,US
tm106462,US
ts20339,JP
tm57554,US
ts34435,JP
ts20927,US
ts5145,US
tm192405,US
ts21567,US
tm55553,US
tm56574,US
tm192037,US
ts20983,JP
ts22193,US
ts22193,CA
tm191989,US
ts20960,US
tm65686,US
ts11397,US
tm54903,US
tm187187,US
tm191772,US
tm191848,DE
tm191848,US
tm121879,US
tm44402,US
tm44402,DE
ts22489,CA
ts22489,US
ts25252,JP
ts21034,JP
tm53419,US
tm189764,US
tm9323,US
tm46173,US
tm19673,DE
tm19673,US
tm24877,US
tm189433,US
tm189433,FR
ts251477,JP
tm1822,US
tm1822,JP
tm187791,US
tm19494,US
tm10739,US
tm10739,CA
tm113576,US
tm191387,PE
tm191387,US
tm191387,BR
tm6859,US
tm186589,IT
tm186589,US
tm186589,FR
tm191374,US
tm8446,US
tm8446,HK
ts8570,US
tm21596,DE
tm21596,US
tm48430,US
tm190835,JP
tm192199,US
tm184205,US
tm12499,US
tm192431,US
tm56033,FR
tm56033,IE
tm56033,GB
tm56033,DE
tm190486,HK
tm190486,US
tm61103,US
tm61103,DE
tm117488,US
tm55732,US
tm191431,US
tm191431,HK
tm17721,US
ts20939,US
ts21693,US
ts22286,JP
tm190811,US
tm107659,US
ts21581,US
tm7135,US
tm7073,US
tm63514,US
ts20918,US
tm10811,US
tm188970,GB
tm188606,GH
tm188606,GB
tm188606,US
tm188606,BF
tm188606,DE
tm128073,GB
ts18465,GB
tm64817,US
tm320211,GB
tm189171,AR
tm189171,ES
tm67635,IN
ts22080,FR
ts22039,FR
tm41525,MX
tm7951,US
ts21684,AU
tm55100,IN
ts224786,CO
tm204173,IN
tm191614,EG
tm191614,FR
tm8859,IN
tm424630,US
tm12876,IN
tm52083,BE
tm52083,FR
tm52083,NO
tm52083,LB
tm9898,IN
tm326102,IN
tm12482,IN
tm128925,IN
tm52871,IN
ts28516,AR
tm62385,IN
tm184502,IN
tm7810,US
tm27601,IN
tm8687,US
tm47530,IN
tm105716,IN
tm117873,IN
tm189773,IN
tm7032,IT
tm7032,LB
tm7032,BE
tm7032,FR
tm58893,IN
tm340430,IN
tm184326,IN
tm110225,IN
tm34391,GB
tm21911,US
tm118438,IN
tm62176,IN
tm57169,US
tm57169,GB
tm184224,US
tm44776,EG
tm44776,FR
tm104933,US
tm203186,LB
tm256669,IN
tm117840,EG
tm117840,FR
tm334788,IN
tm110160,IN
tm192301,IN
tm110766,US
tm110766,FR
tm110766,DE
tm110766,PS
tm118256,IN
tm64729,US
tm314602,IN
tm25389,IN
tm42397,IN
tm210754,TR
tm449775,IN
tm449775,SU
ts4,US
ts9,US
ts26091,FR
ts11,GB
ts21469,US
ts288536,GB
ts6495,US
ts22337,US
ts8308,US
ts22011,CA
ts21465,US
tm33545,US
tm172683,US
ts17156,US
ts20573,GB
ts12724,US
ts3371,US
tm92641,GB
tm92641,US
tm102740,US
tm87484,US
ts20604,US
tm39030,GB
tm39030,US
tm39030,BS
tm39030,CZ
tm39030,DE
tm78592,US
ts21511,CA
ts21511,US
ts19036,US
ts19036,CA
tm116324,US
ts32186,JP
ts11313,JP
tm34310,US
tm34310,DE
ts21247,US
tm160815,GB
tm160815,US
tm160815,AU
tm78671,US
tm89036,US
tm86803,US
tm105329,US
ts20305,JP
tm35463,US
tm84371,US
tm139658,US
tm79442,DE
tm79442,ES
tm79442,US
tm79442,FR
tm131038,US
ts2230,US
tm154187,GB
tm154187,US
tm154187,AU
tm154187,DE
tm133767,GB
tm133767,US
tm88738,GB
tm88738,US
ts17942,US
tm148270,US
tm93055,US
tm133374,US
tm26897,GB
tm26897,US
tm109304,JP
tm109304,US
ts22267,CA
tm76066,US
tm90190,US
tm997728,US
tm29737,US
tm29737,DE
tm84906,US
tm84906,IS
tm84906,GB
ts6644,DK
tm142086,NZ
tm142086,JP
tm142086,US
ts22018,US
ts30311,US
tm95252,US
tm136808,US
ts21197,GB
tm195620,US
tm109137,US
tm84613,US
tm84613,GB
tm173551,US
tm94606,GB
tm94606,US
tm136308,US
tm82985,US
tm145593,US
tm150260,US
ts30313,AU
tm119111,US
tm130647,US
tm130647,CA
tm130647,FR
tm32919,US
tm32919,DE
tm23935,US
tm137143,GB
tm137143,US
tm137143,DE
tm28905,US
tm44486,US
tm39487,US
tm169949,US
ts35155,JP
tm184913,US
tm118637,US
tm58382,US
tm40009,US
ts12787,JP
tm154470,US
tm154470,DE
tm154470,IT
tm154470,GB
tm22294,US
tm78067,US
tm148379,US
tm76428,US
tm21467,CA
tm21467,DE
tm21467,US
tm46436,CA
tm46436,US
tm57190,US
tm37546,AU
tm30205,HK
tm30205,CN
tm159310,US
tm159310,DE
tm89592,US
tm167516,US
tm167516,DE
tm79895,US
tm88045,US
tm111600,US
tm143938,US
tm31187,GB
tm31187,US
tm141390,US
tm74780,US
tm150214,IT
tm150214,US
ts21544,US
tm176528,FR
tm176528,JP
tm176528,US
tm102337,US
tm36188,GB
tm36188,US
tm88382,CA
tm88382,US
ts31263,US
ts31263,BE
tm47523,US
tm24088,US
tm137362,US
tm177068,US
tm82442,US
tm82442,HK
tm90864,US
tm101249,US
ts687,US
ts24028,GB
tm142564,IN
ts23752,JP
ts21706,AU
ts21740,JP
ts30356,GB
tm89684,US
ts31514,US
ts22005,CA
tm183963,US
tm27268,US
tm81270,US
tm137342,US
ts21688,KR
ts22318,IT
tm161263,DE
tm161263,US
ts12815,US
tm26638,US
tm55303,US
tm31189,US
tm165593,US
ts15986,GB
ts26322,JP
tm78767,US
ts98340,US
ts98340,CA
tm36644,US
tm77649,US
ts33559,GB
tm33113,US
tm33113,DE
tm78189,BG
tm78189,GB
tm78189,US
tm43399,IN
tm147211,GB
tm147211,US
ts56549,US
tm29555,US
tm93225,US
tm93225,AU
ts20398,AU
tm86189,CA
tm86189,US
ts21421,ES
ts21421,GB
tm104880,US
tm101334,US
tm135451,US
ts20526,US
tm186461,GB
tm186461,US
tm186461,JP
ts30083,JP
tm141707,US
tm103095,CN
tm103095,HK
ts23835,RU
tm83786,IN
ts23808,US
ts27459,CN
ts20544,JP
tm27168,US
ts40702,SG
ts30288,JP
tm114476,US
ts21967,CA
ts21967,US
ts12701,FR
tm130574,US
ts21695,KR
ts121176,US
ts1893,GB
ts20535,US
tm160800,GB
tm160800,US
tm160800,CA
ts38159,FR
tm22493,US
tm164557,HK
tm164557,JP
tm112381,US
tm71119,US
tm134235,JP
tm86995,US
ts17028,JP
tm137530,CA
tm137530,GB
tm137530,US
ts25765,JP
ts3666,JP
ts42914,FR
tm100688,ES
tm100688,FR
tm100688,MX
tm31290,CA
tm36475,IN
tm80059,JP
tm53999,US
tm22636,CA
tm30289,US
tm38896,US
tm29269,IN
tm156001,US
ts21664,US
tm73058,IN
tm76835,IN
ts1464,CO
tm48083,FR
tm33981,CA
tm80339,JP
ts72322,CO
ts52849,GB
tm165259,US
tm97544,IN
tm97544,CA
tm97544,US
tm65142,JP
ts14102,CA
tm22342,US
tm24576,JP
tm41508,US
ts74928,FR
tm52352,US
tm170873,US
tm176297,IN
ts74931,US
tm110923,PS
tm110923,FR
tm110923,MA
tm110923,DE
tm150521,HK
tm75022,US
tm177687,JP
tm22989,US
ts98252,US
tm156575,IN
ts20358,US
ts44053,CN
ts23319,GB
tm91046,EG
tm61056,IN
tm138497,CA
tm93612,JP
tm81461,DE
tm81461,UY
tm81461,ES
tm81461,AR
tm32915,IN
ts63295,ES
ts63295,AR
tm96037,JP
tm36164,JP
tm147494,JP
tm31564,US
tm95238,US
tm95238,CA
tm54147,US
tm54147,IN
tm99776,US
tm30170,IN
tm37945,IN
tm25029,TW
tm59880,US
tm34524,JP
tm83175,IN
tm65839,DK
tm89936,KR
tm22540,IN
tm34846,JP
tm32885,IN
ts44663,FR
tm82765,IN
tm82765,US
tm170169,IN
tm44749,EG
tm47325,FR
tm146887,IN
tm144345,IN
tm70222,IN
tm92977,IN
ts37200,FR
tm98975,IN
tm25842,US
tm43179,IN
tm95434,HK
tm23441,IN
tm86051,IN
tm44634,US
tm62369,CN
tm62369,HK
tm23077,IN
tm31335,IN
tm139349,US
tm85243,CA
tm165809,IN
tm89764,JP
tm68191,DE
tm51493,TR
ts56589,KR
ts1413,TW
tm175687,US
ts98353,US
tm49405,JP
tm96168,IN
tm72587,IN
tm88366,IN
tm101684,TR
tm38454,US
tm164389,IN
tm77863,IN
ts137477,US
tm138902,JP
ts4866,TW
tm149209,IN
ts34414,CO
tm147686,US
tm82718,TR
tm39557,IN
tm22558,MY
ts204466,CO
tm164591,IN
tm106625,IN
ts18653,IN
tm352863,US
ts67595,CO
tm29731,IN
tm80455,IN
tm84348,US
tm144835,US
tm129971,IN
tm41953,GB
tm103133,IN
tm421611,EG
ts29199,US
ts29199,GB
tm155761,IN
tm75544,IN
tm29028,ES
tm29028,CH
tm29028,PS
tm29028,BE
tm29028,FR
tm93004,IN
tm23977,CL
tm23977,AR
tm78790,IN
tm44530,IN
tm102848,IN
tm96595,IN
tm56428,CA
tm155774,DE
tm155774,KW
tm155774,PS
tm155774,FR
tm44378,CL
tm97982,IN
tm27484,IN
tm145243,IN
tm77348,IN
ts178360,CO
tm111226,IN
tm237621,NG
tm104349,KR
tm152724,IN
tm69694,EG
tm105278,JP
tm80487,US
tm33729,IN
tm129763,IN
tm130301,IN
tm141117,IN
tm35652,IN
tm49865,IN
tm254745,PS
tm134140,IN
ts82592,SG
tm114504,IN
tm76029,GB
tm76029,FR
tm76029,LB
tm33067,IN
tm103732,IN
tm712151,ZA
tm98475,IN
tm34924,HK
tm101609,IN
ts98316,GB
tm216753,MX
tm112235,IN
tm101540,IN
tm96052,AR
tm134407,IN
tm81864,HK
tm346951,SA
tm144263,IN
ts124246,IN
tm85689,IN
ts12444,TW
tm368679,IN
tm897538,EG
tm91323,IN
tm36636,IN
tm52176,IN
tm178555,IN
tm42831,IN
tm135795,FR
tm135795,LB
tm254052,IN
tm166293,IN
tm99450,IN
tm154375,IN
tm241875,US
tm97325,IN
tm85563,NG
tm85563,GB
tm85563,US
tm85563,AT
tm85563,FR
tm85563,DE
tm95507,IN
tm308960,GB
tm154802,IN
tm21155,LB
tm21155,FR
tm46867,IN
tm140653,HK
tm160596,GB
tm160596,DK
tm160596,NL
tm160596,SE
tm160596,CZ
tm76399,PH
tm226362,L
tm456581,US
tm84316,IN
ts39604,TW
tm168869,AU
tm352243,US
tm89012,EG
ts19384,US
tm130999,IN
ts23353,SG
tm87672,MY
tm27275,EG
ts23797,TW
tm85369,IN
tm143510,IN
tm311516,IN
tm148041,IN
tm152413,MY
tm21956,TH
tm21956,IN
ts70843,TW
tm57586,IN
ts25707,SG
tm91125,IN
ts13411,US
ts8614,SG
tm142153,IN
tm100106,PH
tm341561,PS
tm91176,NG
tm91176,US
tm145690,NG
ts4924,TW
tm88343,IN
tm28024,PH
ts188031,US
tm89054,XX
ts29581,SG
tm1077037,IN
tm639940,US
tm404676,US
tm598375,IN
ts82583,SG
tm92671,HK
tm252951,US
tm628693,IN
tm340006,JP
ts8175,GB
tm170758,US
tm166064,US
ts20564,US
ts278,GB
tm170442,US
tm41792,US
ts21580,US
tm50018,US
ts20660,US
ts21806,US
tm60292,US
tm60292,GB
ts27680,GB
tm164877,US
tm164877,ES
ts21599,US
ts33338,GB
tm166548,US
ts32835,JP
tm32982,GB
tm32982,US
ts17598,US
tm161802,NO
tm161802,SE
tm161802,US
tm158304,US
tm158304,AE
tm72140,US
tm37153,US
tm160433,US
tm39896,US
tm178201,US
tm178201,GB
tm59428,US
ts20457,US
ts20429,JP
tm176356,US
tm176356,CA
tm176507,US
ts6506,CA
ts6506,HU
ts6506,US
ts20458,DK
ts20458,US
tm74848,CA
tm74848,US
ts34087,JP
tm68272,US
tm60844,JP
tm160132,US
ts27468,US
tm172716,US
tm278681,US
tm40319,US
ts20556,US
tm173624,US
ts9794,US
ts20500,NO
tm62210,JP
tm167232,GB
tm167232,FR
tm167232,DE
ts34151,JP
tm178395,US
ts11151,JP
tm173195,US
tm173195,HU
tm173195,IT
ts9246,JP
ts20648,JP
ts19779,US
tm175346,US
tm160371,US
ts7708,JP
ts27586,JP
ts18551,GB
ts76614,JP
tm174256,CA
tm174256,US
ts34740,US
ts34740,CA
ts22249,JP
tm165995,US
tm168921,US
tm178323,US
tm106278,US
ts36647,DK
tm72845,US
ts34921,JP
tm59590,JP
ts35426,GB
tm174683,GB
tm174683,US
ts27835,US
tm182586,KR
tm39313,US
ts45996,AU
ts55532,US
tm69386,GB
tm38064,JP
ts34737,MX
ts21081,CO
tm28171,US
tm161904,US
tm56296,US
tm171292,US
tm171292,CA
tm183039,US
tm160361,US
tm34331,US
tm182125,IN
tm238681,US
tm72251,US
tm72251,GB
tm183547,CA
tm183547,US
tm53034,US
tm174190,US
tm164353,IN
ts81858,KR
tm165712,GB
ts158608,ZA
ts215037,US
tm68436,IN
ts39093,US
ts26776,JP
tm52062,US
tm176111,CN
tm176111,HK
ts33349,KR
tm31739,US
tm170395,US
tm170395,ZA
tm170395,DE
tm177258,IN
tm177044,JP
tm49451,US
ts191698,GB
tm54780,JP
tm176128,HK
tm177958,IN
tm40860,US
ts19165,US
tm63368,PS
ts58528,US
tm183037,DE
tm183037,IN
tm183176,AU
tm37175,US
tm181856,US
tm178106,IN
tm175909,IN
tm74031,IN
tm57610,IN
ts27875,RU
ts6879,CL
tm59289,IN
tm53829,US
tm47171,IN
tm65765,US
tm70528,ZA
tm161804,TR
tm169128,US
ts39112,CA
ts60663,SG
tm630933,US
tm174518,IN
tm180532,IN
tm35700,IN
tm67444,US
tm57382,AU
tm172883,IN
tm164090,US
tm71992,IN
tm59372,IN
tm160021,CN
tm160021,HK
tm54371,IN
tm38013,IN
tm39606,IN
tm53395,US
tm66725,IN
ts167724,GB
tm48579,US
tm159593,IN
tm34746,IN
tm167241,IN
tm161632,US
tm50798,FR
tm31948,KR
tm179451,IN
tm162592,EG
tm37573,HK
ts41114,SG
tm30278,IN
tm33601,XX
tm48239,IN
tm56734,GB
tm56734,NG
tm166810,IN
tm172353,IN
tm169053,IN
tm166740,IN
tm34142,IN
tm168751,LB
tm38331,PH
ts32460,TW
tm44615,IN
tm182026,IN
ts32561,TW
tm529723,IN
tm60213,PH
tm70652,IN
tm42306,IN
tm53360,IN
tm69915,IN
tm29400,PH
ts69208,TW
tm946846,AE
tm946846,US
tm946846,LB
tm339197,IN
tm34646,PH
ts99814,SA
tm200838,XX
tm481620,IN
tm57256,IN
ts44064,TW
tm172211,ID
ts128422,SA
tm165932,IN
tm172504,NL
tm172504,US
tm172504,AE
tm172504,PS
tm224577,NG
tm1077038,IN
tm159623,PH
ts39465,SG
tm51412,US
tm235979,IN
tm361958,NG
ts37864,CN
tm181366,LB
ts20837,US
ts20110,GB
ts20682,JP
ts1639,US
ts20351,US
tm140389,FR
tm140389,GB
tm140389,US
ts11188,US
tm151663,US
ts20292,US
ts16045,US
tm169422,US
tm169719,US
tm140877,US
tm140877,GB
tm171042,US
ts8146,US
tm148147,CA
tm148147,US
ts21374,US
tm183523,US
tm176864,US
tm176864,DE
tm176864,GB
ts20248,US
tm134967,US
tm143227,US
tm160621,US
tm180572,US
ts14583,US
ts6,US
ts20108,US
tm148671,US
tm182429,US
tm153284,US
ts20823,US
ts20824,US
ts21367,US
tm151807,US
tm145655,US
ts20280,US
ts35682,AU
ts20261,US
tm161525,CA
tm161525,CL
tm161525,US
tm175843,US
ts34950,JP
tm181270,US
ts20791,US
ts20288,US
tm168400,US
ts2727,GB
tm237143,US
tm176630,US
ts32218,US
ts20097,US
tm178712,US
ts314002,JP
ts20281,US
ts20014,JP
tm187979,US
ts35570,GB
ts32271,IL
ts4213,US
tm161282,US
tm165521,US
tm165521,GB
tm184608,US
tm144046,US
ts20917,US
ts35282,CA
tm161029,US
tm143474,US
tm140342,AU
tm140342,US
tm141648,US
tm141648,GB
tm141648,CN
tm141648,CA
ts20336,ES
ts36836,US
tm142856,US
ts22426,JP
tm181081,GB
tm181081,AU
tm181081,CH
ts42168,TR
ts98110,US
tm178211,US
tm144121,US
ts22383,FR
ts22383,US
tm151447,GB
tm151447,US
ts11794,US
ts11794,GB
ts11794,CA
tm154797,CA
tm154797,KR
ts20310,US
tm159796,CA
tm159796,FR
tm181533,US
ts35244,US
tm469911,AT
ts82979,US
tm148976,US
tm143642,DE
ts10206,CA
ts20709,JP
ts32060,US
tm162271,US
tm166628,US
tm171228,US
tm136601,US
tm143757,US
tm143372,JP
tm71148,US
tm161562,US
tm161562,DK
tm151716,US
ts22445,KR
tm180599,US
ts20790,US
tm171965,US
tm185208,US
tm185208,BR
ts20883,US
tm167944,JP
tm149038,US
ts33590,US
tm159362,US
ts21368,TR
ts2161,FI
tm172710,US
tm157085,GB
tm174289,US
tm187390,GB
tm187390,US
tm187390,EG
tm171929,US
tm147913,IN
tm170919,AR
tm170919,ES
tm180643,CA
tm180643,US
ts34066,AU
tm152843,CA
tm177223,US
tm152273,JP
tm2269,RO
tm138431,CD
tm138431,GB
tm152904,US
tm35895,BR
tm176481,IN
ts53641,US
ts37187,US
tm199408,GB
ts58137,US
ts58137,CA
ts58137,JP
ts75104,PL
tm144021,US
ts521,US
ts33840,JP
tm168685,KR
tm182275,PS
ts88394,US
ts58010,US
tm182969,TR
tm148910,IN
tm143363,IN
tm139617,US
ts83239,RU
ts16117,TR
tm158671,US
tm165504,CN
tm165504,HK
tm148662,VE
tm148662,AR
ts154625,FR
ts76743,JP
tm158980,IN
tm148597,GB
ts57744,KR
tm145791,KR
tm155291,IN
tm156811,IN
tm150033,JP
ts75833,RU
tm180802,US
ts3799,US
ts35628,CA
ts20781,KR
tm151210,US
tm149578,US
tm182534,US
tm360904,US
tm186054,IN
tm235553,DE
tm147518,BR
tm183706,BR
tm178513,IN
tm182322,IN
tm236725,GB
tm153055,US
tm142630,IN
tm185797,IN
tm154729,IN
tm148457,IN
tm145627,IN
tm158302,IN
tm140334,US
ts121189,IN
tm186161,IN
ts34074,KR
tm209037,CL
tm348393,NG
tm151927,IN
ts122290,IN
tm169669,PH
tm175812,IN
tm181550,IN
tm228574,CA
tm149914,US
tm145216,TR
tm149747,MX
tm140911,US
tm158692,IN
tm137379,US
tm587320,ES
tm160034,IN
tm158436,US
tm172027,TR
tm146657,IL
tm146657,NO
tm146657,ZA
tm146657,AE
tm146657,GB
tm146657,IS
tm146657,IE
ts82860,SG
tm159819,PH
tm183805,IN
tm458034,US
tm175954,US
tm182227,US
tm159094,IN
ts36127,US
tm157609,ES
tm179328,XX
tm151860,UA
tm151860,US
tm151860,CN
tm151860,DE
tm151860,SG
tm139922,US
tm184511,IN
ts67797,US
tm157461,TR
tm178992,HK
tm144541,AR
tm215339,US
tm177645,XX
tm200926,AE
tm200926,LB
tm181092,IN
tm183002,IN
tm144557,TR
tm205684,NG
tm167107,IN
tm143299,IN
tm175753,IN
tm185736,US
tm460055,US
tm460055,ES
tm182580,LB
tm157681,PS
tm197423,NG
tm162259,US
tm167342,IN
tm169054,IN
tm169294,PH
tm178234,AE
tm178234,LB
tm132675,US
tm155014,CA
tm188290,PH
tm187505,PH
tm155051,CA
tm183654,HK
tm176900,IN
tm179248,IN
tm158546,IN
tm250364,XX
tm157062,IN
tm144451,ZA
tm171891,IN
tm242276,IN
tm187118,IN
tm202914,US
tm159296,IN
tm186408,IN
tm156397,PH
tm166723,PH
tm155507,US
tm159701,US
tm163066,GB
tm323262,JP
ts20238,CN
tm149541,US
tm181051,IT
tm181051,PS
tm181051,FR
tm181051,DE
tm146144,IN
tm147908,IN
tm150962,IN
tm1194608,IN
tm577690,NG
tm136036,PH
tm177224,IN
tm1036195,PS
tm142852,PH
tm180738,IN
ts32752,TW
tm188108,US
tm147405,US
ts144527,SG
tm157286,IN
tm157783,IN
ts107543,SG
tm177376,US
tm145658,PH
tm610571,IN
tm176553,NG
tm176553,US
tm175364,IN
tm529733,IN
tm138280,IN
ts261583,NG
tm175577,NG
tm481846,XX
ts8,US
ts36577,GB
ts38796,US
ts21867,CA
ts37143,US
ts35251,US
ts41766,US
ts36885,US
ts37539,JP
ts37490,US
ts41961,US
ts42069,US
ts42069,GB
ts37866,FR
tm232579,NZ
tm243100,US
ts38304,UA
ts36952,US
tm150928,US
ts35793,US
ts39007,US
ts35201,JP
ts36147,US
ts36550,US
tm242705,BE
tm242705,FR
tm120108,US
tm120108,CN
tm206698,US
ts38199,US
tm239727,US
tm199607,AU
tm199607,US
ts53051,US
ts47714,CA
ts21869,US
tm204163,US
tm135307,US
ts42170,GB
ts70529,NO
tm138905,US
tm137693,US
ts18010,US
ts38718,CA
tm136465,US
ts42120,CA
tm195209,US
tm195209,FR
tm195209,GB
ts36631,US
ts42062,FR
ts41956,US
ts52922,US
ts36015,US
ts21981,US
ts38710,US
ts38710,CA
tm120609,US
ts35253,CA
ts35554,US
ts38090,CA
ts38090,FR
tm233377,US
ts42014,US
tm193769,GB
tm193769,US
ts35563,US
ts36129,US
tm233425,JP
ts42077,GB
ts42077,IT
ts42687,GB
ts38734,GB
tm143984,BG
tm143984,GB
tm143984,US
tm212927,US
ts53099,FI
ts53664,IL
tm143085,MX
tm143085,ZA
tm143085,US
tm209987,US
ts42022,AR
ts38415,CA
tm137002,IN
ts43209,DE
tm239676,US
ts42169,JP
ts41289,GB
tm138297,US
ts38511,US
tm245271,JP
tm134791,US
ts21986,US
ts41149,US
ts52829,GB
tm135106,US
ts35775,US
ts41975,US
tm196125,US
ts41490,US
ts36177,AU
ts37464,NO
tm196296,ES
tm196296,US
tm196296,GB
ts37971,US
ts21885,US
tm233214,GB
tm233214,IR
tm233214,JO
tm233214,QA
ts38783,AU
tm219233,GB
tm219233,US
ts36983,US
ts41963,US
ts52838,BR
ts38204,US
tm199700,DE
tm199700,GB
tm199700,US
tm199700,BE
tm199700,DK
tm200126,CA
tm200126,US
tm132273,US
ts36046,US
ts36545,US
tm139532,US
ts36856,US
tm219248,US
tm220594,UA
tm220594,GB
tm220594,US
ts35362,ES
tm239743,US
tm138614,US
tm205890,US
tm205890,FR
tm205890,LU
tm205890,GB
tm139841,GB
tm139841,US
tm139841,CA
tm233521,US
ts35354,US
tm244788,US
tm208622,US
tm208622,CH
ts38758,JP
tm204035,US
ts41913,US
tm134516,CN
ts42655,AU
ts3844,US
ts53287,US
tm136321,US
tm233465,US
ts42156,CA
tm136257,US
tm136257,GH
ts41906,JP
ts38116,JP
tm140843,US
tm238722,US
ts35256,US
ts53249,US
tm239683,US
tm147082,US
ts42043,JP
tm206512,US
tm200690,US
tm155102,GB
tm155102,US
tm205812,IE
tm205812,ZA
ts35577,JP
tm235405,CA
tm245378,US
ts52830,US
tm225308,CA
tm225308,DE
tm225308,GB
tm230551,HK
tm230551,CN
ts38731,GB
ts38731,IE
ts42127,GB
tm138672,US
ts41948,CA
ts38809,US
tm253083,US
tm316731,US
tm244403,US
ts79799,US
tm139194,US
tm139194,CA
tm245671,IN
tm235227,US
tm233317,US
tm239733,ID
ts38568,US
ts37944,FR
ts42137,US
ts35987,US
tm123789,US
ts53155,GB
ts38770,US
ts42038,US
tm244381,CA
tm233533,US
ts42119,US
ts76079,FR
tm166321,US
tm214825,US
tm238661,US
tm238661,CA
tm238661,GB
tm142881,US
tm243121,US
tm270504,GB
tm239707,US
tm242736,US
tm267948,ES
ts41995,AU
ts76956,AU
ts54028,IS
tm208903,CA
tm208903,US
tm136061,FR
tm136061,GB
tm201222,SE
tm201222,CA
tm201222,FI
tm201222,FR
tm201222,DE
tm215638,BG
tm205437,US
ts78325,US
tm247642,DK
tm247642,US
tm219276,US
tm135543,US
tm135543,FR
tm233544,US
ts11670,US
ts42090,US
ts86021,FR
ts42257,KR
ts35406,CA
ts128895,JP
tm245724,FR
tm138792,US
tm244880,CA
tm244880,US
ts37660,KR
ts119087,BY
ts41258,KR
tm308241,US
ts81483,FR
tm221225,GB
ts37896,GB
ts52943,KR
ts21979,FR
tm205870,FR
tm244052,US
ts36547,MX
ts84398,IN
ts77654,US
tm232953,US
tm240007,US
tm233493,US
ts39014,JP
tm140436,MA
tm140436,US
ts38764,FR
ts54110,IE
ts54156,US
tm213681,KR
tm228242,US
ts38230,RU
ts51368,US
tm209950,US
tm205935,GB
tm205935,US
tm244134,US
tm271070,CA
tm271070,CN
tm271070,FR
tm267135,BR
tm233616,US
tm211510,US
tm157283,MX
tm219173,US
tm244507,AR
tm244507,ES
tm218052,IN
tm214085,US
tm229542,US
tm335263,XX
ts66540,IE
tm253080,FR
tm241314,US
ts75829,US
ts56674,US
tm282915,JP
ts35360,CA
ts35360,US
tm246870,CA
tm246870,US
ts35359,DE
ts35359,AU
ts35359,FR
tm266844,US
ts37779,GB
tm238748,US
tm193125,US
ts42089,US
ts42075,TR
ts43272,JP
tm300713,JP
ts41883,KR
ts36630,US
ts41260,KR
ts39017,US
tm229140,US
ts38757,US
tm290444,KR
tm200454,IN
ts35596,US
ts144323,US
tm275800,AR
tm275800,ES
ts42218,CO
ts38512,US
tm233561,GB
tm232950,SK
tm232950,CZ
tm139870,US
tm266628,US
ts41294,IL
tm267429,US
ts43501,GB
ts42628,US
ts36740,US
tm233344,IN
ts53076,US
ts53106,JP
ts53106,US
ts41253,CN
tm244915,IN
ts38717,JP
tm239947,US
tm236999,ES
ts58068,GB
tm218186,US
tm242755,US
ts38805,AU
tm193388,IN
tm242002,US
ts52988,US
tm220317,US
tm201365,IN
ts38761,KR
tm244638,US
tm232954,US
ts56748,US
tm225275,US
tm227922,US
ts43230,AU
ts56032,CO
tm272413,US
ts55559,US
tm244513,QA
tm244513,FR
tm234136,AT
ts75324,CO
tm239762,US
tm132524,US
tm245297,US
ts54100,US
ts54100,IT
tm224377,PH
tm217939,FR
tm193211,TR
ts31593,KR
tm234292,MX
ts74917,AU
ts35463,US
tm281182,US
tm242422,FR
tm245148,US
tm272854,IN
tm350159,NG
tm224275,QA
tm224275,PS
tm224275,AE
tm224275,FR
tm224275,JO
tm224275,LB
tm195764,US
tm211478,IN
tm195870,US
tm246056,US
ts55966,US
tm240895,US
tm246579,US
tm243849,US
tm211461,MA
tm211461,FR
ts86831,IL
tm239290,PH
ts74753,AU
tm233157,CN
tm230524,BR
tm238829,US
tm238829,CA
ts53065,KR
ts54010,KR
tm242687,NL
tm246175,SE
ts38772,KR
ts83224,NL
ts53149,KR
tm240162,IN
ts57705,HR
tm242646,ES
tm242646,FR
tm225675,US
tm233023,US
tm197503,IN
ts74929,FR
tm220473,US
tm225693,US
ts54022,JP
ts43258,IN
ts55365,KR
tm199987,US
ts42011,CA
tm241998,IN
tm421855,US
tm231314,ES
ts55223,AU
ts41154,ES
tm227029,ES
ts41899,KR
ts82327,RU
tm244559,SE
tm244559,US
tm245102,ES
ts35505,AT
tm201906,FR
tm201906,BE
tm248010,NG
tm239774,US
tm252245,SY
tm252245,GB
ts56221,CN
tm245235,US
ts38812,US
tm232832,NO
tm232832,SE
tm227042,IN
tm243931,BR
tm233843,IN
ts43341,JP
ts82582,SG
tm215054,US
tm247644,DE
ts38769,US
ts42155,US
tm526163,IN
tm239739,IN
ts52981,US
ts87465,GB
ts52825,CN
ts107658,JP
ts107658,US
ts42260,US
ts43119,US
tm311494,IT
tm221883,CA
tm233196,US
ts127430,US
tm376111,US
tm246543,GL
tm246543,FR
tm227523,NG
tm321189,AR
tm219699,IN
tm270555,US
tm270555,AT
tm316567,JP
tm321785,IN
tm283938,RO
tm228839,TR
tm272012,CA
tm219817,IN
tm230426,US
tm239769,US
tm208628,IN
tm66466,IN
tm228657,NL
tm245155,AE
tm232930,IN
tm245722,US
tm245911,ES
tm244079,MX
tm266629,US
ts52950,TW
tm215911,IN
tm232855,PH
tm257629,US
tm234773,GB
tm208713,IN
tm218683,XX
tm234466,BR
ts78442,US
tm340927,IN
tm311456,TR
tm238717,SA
ts42347,US
tm233015,IN
tm211273,US
tm230927,US
tm273933,US
tm245293,IN
tm270982,NL
ts51367,CA
tm274053,US
tm137557,GB
tm315345,CD
tm207668,IN
tm193378,US
ts21876,CN
tm275726,MX
tm307997,DE
ts55556,TW
tm149212,FR
tm149212,PT
tm149212,SE
tm149212,DK
tm149212,BR
tm239933,MX
tm327551,ES
tm327551,DK
tm233366,IN
ts75897,US
tm263743,ID
tm494288,NG
tm247631,TR
tm271974,DE
tm246485,IN
ts42432,KR
tm267017,SE
tm244842,PH
tm247444,IN
ts91990,US
tm227044,IN
ts81898,AU
ts81898,GB
ts38813,AU
ts38813,US
ts38813,GB
tm138584,IN
ts42371,CA
tm224255,LB
tm224255,QA
tm267419,US
tm155382,IN
tm239764,US
tm240733,ES
tm266622,US
tm244758,GB
tm232931,US
ts83454,TW
tm217986,IN
tm451222,SG
tm233648,XX
tm247767,TR
ts53346,US
tm375681,CN
tm375681,HK
tm452046,NL
tm238486,US
ts224440,FR
tm232267,US
tm203056,TR
tm272484,US
ts81027,KR
ts86089,KR
tm198496,US
ts41151,JP
tm201855,IN
tm215265,FR
tm215265,DE
tm215265,PS
tm240728,US
tm233463,TR
tm290157,GB
ts83450,TW
ts53017,CN
ts54117,CA
tm271839,US
tm232710,PH
tm234703,MX
tm134052,IN
tm234069,TR
ts53543,KR
ts82475,SG
tm278279,US
tm212968,US
ts41485,TR
tm211571,TR
tm230478,US
tm244923,TR
tm350374,PK
tm233570,PH
tm554110,NG
tm533845,US
ts84542,KR
tm242906,IN
ts253685,MY
ts36634,CN
tm236705,MX
tm232947,GB
tm232947,IN
tm233121,TR
tm245791,ID
tm244577,CN
tm409220,NG
tm549892,AE
ts285233,MY
tm239635,GB
tm319354,JP
tm319354,US
tm319354,CA
ts87884,NG
tm257141,US
tm244635,CL
tm244635,FR
tm198842,TR
tm211424,IN
tm421214,SA
tm286268,US
tm313374,CZ
tm244380,PH
tm540757,IN
tm267112,FR
tm245042,IN
tm198786,PH
tm226320,TR
tm424879,JP
ts36741,RU
tm214589,PH
ts35963,CN
tm279828,PH
tm571645,US
tm247159,VN
tm295349,MX
tm205333,PH
tm231911,PH
tm139590,HK
tm283909,PH
tm407961,NG
tm207734,US
tm247396,US
tm811691,GB
tm242745,US
tm225416,US
tm282988,DE
tm246810,IN
ts249161,EG
tm252609,NG
ts248736,NG
tm562821,AE
tm244041,GB
tm244041,NL
tm272666,PH
tm219739,PH
tm860487,US
ts53513,TW
tm232090,US
tm317850,NG
tm235005,CA
tm235005,NG
tm296203,TR
ts83535,FR
ts83535,RU
ts83535,US
tm350727,AE
tm245050,NG
tm212909,PH
ts38703,KR
ts83449,TW
ts56544,MY
tm271333,PH
tm421382,IN
tm368725,RO
tm234735,IN
tm239078,US
ts53864,US
ts77795,GB
ts56683,US
tm239091,CA
tm239091,HU
tm239091,MX
tm239091,ES
tm239091,GB
tm239091,US
ts55668,DE
tm310953,US
tm232797,US
tm232797,FR
tm232797,NL
tm232797,GB
tm244259,FR
tm244259,GB
tm244259,US
tm315344,CA
tm315344,US
tm315344,CN
ts53023,US
ts81064,US
ts42405,US
tm318206,US
ts83970,US
tm315174,US
tm315174,GB
ts81294,US
ts78305,ES
ts78801,US
ts79813,US
ts77398,US
ts56768,ES
tm344989,US
ts57120,US
tm287684,GB
tm287684,CA
ts81884,GB
ts75151,US
ts54102,US
ts75097,US
ts84785,US
tm244220,GB
ts42477,DE
ts81208,US
ts58433,US
ts57850,US
ts53663,CA
tm244364,AU
ts79229,US
ts77955,US
ts75879,US
tm420745,CA
tm420745,US
ts57465,US
tm232500,US
ts54054,US
ts55982,CA
tm350379,FR
tm350379,CA
tm363103,CA
ts58133,US
tm425889,US
tm244174,KR
tm244174,US
ts53545,US
tm350,US
ts84328,AU
ts53198,US
ts76243,GB
ts58367,GB
ts55720,US
ts77852,US
ts78430,GB
tm210043,US
ts56261,US
tm226948,US
ts82849,US
ts74809,US
ts56969,US
ts58155,CA
tm288499,MX
tm288499,US
ts76458,FI
tm299741,GB
ts39015,US
tm244191,US
ts74816,US
ts52821,GB
ts77563,US
ts80856,US
tm272060,BE
tm272060,FR
tm272060,GB
tm233482,IN
tm233482,CN
tm233482,US
tm233482,GB
tm271951,US
tm271951,GB
tm311815,US
tm371380,US
ts76869,JP
ts82526,US
tm310899,GB
tm310899,US
tm310899,AU
ts72247,US
tm266666,US
tm435086,CA
ts82189,JP
tm267401,ES
tm239286,US
tm273294,US
ts74823,US
tm414285,US
tm244192,US
ts77197,US
tm419595,KR
tm346943,US
ts76865,JP
tm371900,GB
ts312241,US
ts121489,US
tm270895,BE
tm270895,FR
tm270895,US
ts55781,BE
ts55781,FR
ts87369,CA
tm374132,US
ts78080,US
tm244175,GB
tm244175,US
tm244175,CZ
ts58307,CA
ts55645,US
tm319818,GB
tm319818,US
ts78558,US
tm313683,ES
ts79926,GB
ts56648,US
tm244332,US
tm315340,ID
ts42294,US
ts84010,AU
tm414887,US
ts80035,US
tm420348,US
ts57055,US
tm244206,US
tm434202,GB
tm280828,US
tm366567,US
tm310706,US
tm410435,US
ts56480,GB
tm307283,AU
ts82597,US
ts55962,US
tm244229,IT
tm244229,ES
tm244229,FR
ts75164,US
ts78452,GB
ts75263,US
ts85568,DE
tm357589,GB
tm357589,US
tm357589,FR
tm317542,US
ts80705,US
tm321703,US
tm300615,US
tm244233,US
ts81344,US
tm349803,US
tm349803,CA
ts82228,JP
ts81331,US
ts55798,KR
ts78356,DK
ts86169,US
tm227940,AU
tm243326,US
tm243326,GB
ts84280,JP
tm244197,PR
tm244197,US
tm244197,GB
tm244197,CN
tm368449,US
tm211554,SG
tm211554,US
tm211554,GB
tm211554,ID
tm211554,CA
tm211554,CN
tm363248,US
tm362881,JP
tm232673,US
tm232673,GB
ts77957,US
ts84904,AU
ts83999,GB
ts57303,US
tm411311,GB
tm299677,US
ts58025,US
ts82302,US
tm449070,GB
tm449070,US
ts85895,RU
ts56511,ES
ts57822,GB
tm363488,US
tm221953,IN
tm435916,US
tm233362,US
ts79546,JP
tm362098,US
tm346467,US
tm433381,ES
tm412550,US
tm315424,GB
tm315424,US
ts84533,US
tm499724,NG
ts75772,GB
tm414220,US
tm414220,CA
ts77518,JP
ts79234,US
tm139545,US
ts77824,US
tm314477,ES
tm420274,AU
tm434008,US
ts80720,CN
ts57439,US
tm317566,US
tm417496,US
tm367065,GB
tm367065,US
tm367065,SG
tm426274,US
tm433228,GB
tm244325,GB
tm244325,DE
ts75157,US
tm316414,US
tm311921,US
tm370212,HK
tm370212,IS
tm370212,US
ts58152,ES
ts84779,US
tm410742,IT
tm410742,CH
tm410742,FR
tm281935,US
tm323634,US
tm139885,US
tm139885,FR
tm139885,IR
ts56038,US
tm349278,CA
ts84574,US
ts56481,US
ts82560,NZ
tm348993,NO
tm348993,US
tm348993,IS
ts55231,US
tm285107,GB
tm285107,US
ts88783,JP
tm414962,ID
ts57814,JP
ts113109,GB
ts85138,US
ts57424,FR
tm240076,US
ts82281,JP
tm217228,US
ts77474,KR
tm244307,US
tm298846,US
tm412623,GB
tm298339,IE
ts57964,US
tm245176,IQ
tm245176,GB
ts78298,KR
ts83251,US
ts55194,US
ts84335,PL
tm351101,ES
tm351101,FR
tm299504,ES
tm321224,US
tm359978,KR
tm306301,FR
tm306301,US
ts57947,BE
ts53936,TR
ts83763,GB
tm298084,HU
tm244148,GB
tm244148,US
tm436470,US
ts82892,GB
tm219259,CA
ts79422,US
ts80523,JP
ts83561,TR
tm375912,GB
tm244317,US
ts78382,US
ts86296,GB
ts41527,US
tm292837,ES
tm414709,DE
tm414709,CA
tm414709,US
ts78507,US
tm321295,US
tm233294,US
tm328443,KR
tm324155,US
tm289181,US
ts89538,ES
tm370436,NZ
tm351216,US
tm318200,US
ts57464,US
ts228255,FR
ts58175,US
ts77525,US
ts58225,US
ts84243,IT
ts78231,US
ts56594,US
tm370232,US
ts57080,US
tm439484,US
tm271960,US
tm349800,US
tm352588,US
tm219258,IE
tm219258,CA
ts57082,GB
ts53101,KR
ts81885,US
tm411415,US
tm406881,US
ts77783,JP
ts79020,GB
tm307910,US
ts77799,US
tm368241,US
ts75749,KR
tm321596,US
ts86945,US
ts84056,ES
ts89069,DK
ts89069,US
ts76417,BE
ts86814,US
ts85968,PR
ts85837,KR
ts76313,AU
ts75355,IT
tm308090,US
tm271959,US
tm411507,US
tm245937,US
ts83745,US
tm423373,IN
ts76486,KR
ts82372,US
ts79045,US
ts81757,MX
tm409766,GB
tm409766,US
tm322243,CA
tm322243,US
ts55491,US
ts77600,US
tm406111,GB
tm406111,US
tm300054,ES
tm357479,BG
tm357479,US
tm232965,US
ts80411,KR
tm431347,US
tm285356,KH
tm285356,US
tm368040,US
tm368040,GB
tm368040,ES
ts78217,ES
ts78299,US
ts75002,NO
tm285340,US
tm1883,CN
tm1883,US
tm1883,ES
ts76753,KR
tm324870,US
tm284015,FR
tm284015,GE
tm284015,DE
tm326624,GB
tm326624,US
tm326624,DK
tm300184,GB
tm411958,US
tm270999,US
ts77755,US
tm307612,US
tm320255,TH
ts56201,CA
ts88234,GB
tm425138,JP
tm241990,JP
ts53960,JP
tm353742,BG
tm353742,US
ts81414,CN
ts77014,TR
ts56993,SE
tm429163,ES
ts81542,CA
ts83232,PL
tm311789,US
ts82268,IN
tm359103,JP
ts86164,JP
ts9075,US
tm315584,JP
ts83790,KR
ts57811,JP
tm407827,NL
tm407827,BE
tm348003,BG
tm348003,US
ts85686,NZ
ts83360,KR
tm266652,JP
ts95569,US
tm285295,US
tm317110,KR
tm324124,US
ts78590,BR
ts77520,JP
tm244519,CN
tm244519,US
tm244519,CA
tm260272,US
tm347530,US
ts85170,KR
ts90594,US
tm312577,JP
ts83502,FR
tm344886,IL
tm344886,MA
tm344886,US
tm344886,BG
tm344886,GB
ts85034,US
tm365122,US
tm365122,AE
ts83537,PL
tm320670,FR
tm320670,LU
tm320670,US
ts79157,JP
ts81918,US
tm367250,NL
ts56718,US
ts80959,IN
ts53693,GB
ts75477,US
ts131579,BE
tm425732,US
ts85175,TH
ts83071,BR
ts77545,US
ts83540,US
ts236347,JP
tm416105,US
ts78206,KR
ts84135,MX
ts79026,GB
tm285171,US
ts56045,DE
tm311995,KR
ts87194,AU
ts68146,GB
ts76603,JP
ts84930,FR
ts78246,GB
tm298779,JP
ts81526,FR
ts81583,KR
tm319882,GB
tm420656,GB
tm420656,US
tm420334,US
tm368538,FR
ts55581,KR
tm357820,US
tm244521,US
ts56933,NZ
ts84645,US
tm419733,US
tm315850,US
tm324820,JP
tm324820,FR
ts74962,CA
tm296398,KR
ts79997,KR
tm438502,ES
ts75676,ES
tm365824,IN
tm436844,US
tm359150,BE
tm359150,FR
tm359150,IT
ts58297,CA
ts55939,SE
ts86994,GB
tm351931,GB
tm285649,TR
tm285649,US
ts53264,KR
ts309731,ES
ts309731,IT
tm306811,US
tm306811,AU
ts85822,IN
ts80617,TR
tm372318,FR
tm351214,US
tm347821,US
ts81821,CO
ts82705,BR
ts82705,CA
tm429208,CA
tm429208,CN
tm327199,US
tm352774,US
ts321277,US
ts84646,DK
tm313974,US
ts56033,CO
ts85515,TH
ts70631,JP
tm305437,US
tm369179,US
ts78291,DE
ts57985,US
tm307515,ES
tm307515,US
tm412273,XX
tm219252,US
ts80600,MX
ts55232,JP
ts79182,ES
tm290831,US
ts85967,US
tm434917,FR
tm445735,US
ts78031,PL
ts56670,US
ts86682,US
ts75286,US
ts82218,JP
tm245383,US
tm349529,CU
tm349529,US
tm374454,CA
tm407714,FR
tm374313,ZA
tm374313,GB
ts55978,JP
ts82770,ES
ts75341,JP
ts83906,US
tm244368,US
tm266702,FR
ts82565,RU
tm323195,US
ts78789,JP
ts92825,US
tm322569,US
ts56125,MX
ts89130,ES
ts79660,CA
ts79660,GB
tm406831,JP
ts39016,US
ts80519,US
tm408941,IE
ts75981,GB
tm305112,KR
ts81318,IL
tm363231,JP
ts79219,US
tm427465,US
tm445899,US
tm445899,PL
tm139564,US
tm263427,ES
tm263427,DE
tm313487,US
ts79409,JP
ts53399,CN
tm443993,ES
ts90596,CA
ts90596,US
ts90596,IE
tm437608,US
ts77787,JP
tm336712,US
tm307950,US
tm236659,US
tm327540,US
tm327540,CA
tm327540,GB
ts82127,JP
ts78353,KR
ts103638,US
ts77034,CN
ts86949,GB
tm293867,US
tm266685,US
tm839847,US
tm370392,US
tm285298,US
ts76511,GB
tm404475,US
ts55348,US
ts80208,ES
tm448122,US
tm299761,ES
tm440415,US
tm362074,IS
tm362074,SE
tm362074,BE
tm358666,CH
tm358666,DE
ts82559,US
ts82559,GB
tm233485,US
ts80466,GB
tm266705,ES
ts80090,JP
ts80313,US
ts90994,US
tm427293,ES
tm327053,BR
tm405849,CN
tm405849,JP
tm326723,US
ts84346,US
ts84346,MX
tm238377,US
tm366820,US
ts84833,MX
tm313988,US
ts84932,BR
tm312767,US
tm320817,IN
ts81734,CN
tm370628,US
tm405738,AR
tm405738,ES
tm371952,IN
ts77405,KR
ts79679,TR
tm417440,ES
tm327622,US
tm430104,KR
tm443186,US
ts78053,JP
ts80057,JP
ts111582,ES
tm313293,US
tm349138,US
tm376801,US
tm424032,ES
tm424032,AR
tm358242,US
ts80413,KR
tm409618,US
tm244274,US
ts85659,US
tm376840,US
tm372891,US
ts82298,KR
ts54050,US
tm443034,ES
tm318641,US
ts57196,GB
tm314829,US
tm366973,US
tm295177,ES
tm420797,US
ts77770,JP
tm406098,DK
tm406098,NL
tm406098,NO
tm406098,SE
tm374845,JP
tm359714,US
tm314705,US
tm325102,US
ts78913,KR
ts55936,KR
tm413557,JP
tm363787,US
tm371630,DE
ts84597,US
tm355724,US
ts76478,KR
ts78767,IT
tm356563,NZ
tm356563,GB
tm356563,DE
tm420989,US
ts85732,US
tm348010,US
tm357552,US
tm300027,ES
ts82875,JP
tm414676,BR
tm437631,US
tm408890,ES
tm426569,AR
tm426569,ES
tm426569,UY
tm404690,US
tm320249,US
ts80059,GB
ts83814,CO
tm286532,DE
ts36650,ES
ts57300,US
ts56636,KR
ts84780,CO
tm375729,CN
ts75012,JP
ts82296,KR
ts57148,US
tm311319,HK
tm311319,CN
ts83359,KR
tm270490,US
tm358949,CA
tm358949,US
tm408104,GB
ts79330,GB
tm428073,ES
ts85202,US
tm429377,US
tm330869,GB
tm330869,US
tm350607,CA
tm350607,US
tm417317,IN
ts83457,ES
ts83457,US
tm407295,US
ts82181,JP
tm282910,JP
ts53516,US
tm429984,LU
tm429984,CA
tm429984,FR
tm419496,IN
tm344173,US
ts82375,JP
ts95274,FR
tm362180,US
tm294581,US
tm313120,US
ts118696,KR
ts82398,US
tm477838,KE
ts116101,GB
ts82867,US
ts83554,US
ts58442,KR
tm374216,US
tm232464,IN
tm367473,FR
tm361743,KR
tm361743,FR
tm361743,JP
tm413049,CN
ts80030,US
tm311193,EG
tm307761,IN
ts84977,US
tm371959,US
tm320206,US
ts82424,US
tm408306,CA
tm422715,IN
tm301024,FR
ts83247,US
ts80410,JP
ts79856,JP
ts76509,US
ts90880,IT
tm418870,FR
tm418870,BE
tm370447,ES
tm425884,US
tm429382,US
tm322210,ES
tm313748,US
ts80084,JP
ts86279,US
tm244300,DE
ts77467,JP
tm366143,IL
tm432838,ES
tm463806,US
tm313712,IN
ts80042,CA
tm244287,IN
ts75718,US
ts75620,KR
tm299764,MX
tm299764,ES
tm407775,FR
tm334949,DE
tm409942,FR
tm238587,US
tm238587,DE
tm238587,ZA
tm410748,US
tm413955,DK
tm376015,US
tm346334,GB
tm346334,IS
tm434727,US
tm409817,FR
tm409817,IN
tm307776,IN
tm372917,IT
tm372917,CH
tm372917,VA
tm372917,FR
tm372917,DE
tm426202,US
tm367008,US
tm270987,FR
tm270987,CA
tm328175,FR
tm359713,US
tm366019,PH
tm353046,US
ts76159,CA
tm321627,AU
tm311283,US
tm368441,IN
tm244292,DE
ts76793,US
ts85236,NG
tm368310,DE
tm368310,NO
tm368310,PE
tm411358,US
tm300056,ES
tm344336,FR
tm372054,ES
tm405901,US
ts55627,US
tm350887,CA
ts89067,JP
ts78145,US
ts83407,US
ts85953,US
ts84799,ES
ts83213,CN
tm415875,FR
ts57291,JP
tm372305,US
tm515157,US
tm376234,ES
tm441198,US
tm366590,IN
tm366590,US
tm418039,US
tm371212,CA
tm366972,KR
tm411288,US
tm411288,NG
tm244321,MX
tm244321,US
tm358746,CA
tm340587,IN
tm359975,KR
tm852185,IN
tm444469,SG
tm444469,PH
ts85810,AE
ts85276,KR
tm374357,AU
tm321073,IN
tm352033,DE
tm352033,IT
ts85126,US
ts85217,US
tm421776,US
tm314295,NL
tm314295,US
ts89372,KR
ts83489,BR
tm327708,IN
ts79988,JP
ts78692,US
tm233484,CN
tm440678,KR
ts84782,KR
ts84782,US
tm242108,US
ts82419,US
ts95011,US
tm348568,US
tm320727,US
ts80342,PH
tm365961,US
tm299783,ES
tm427143,US
ts80479,KR
tm375962,BR
ts74765,IN
ts90869,US
tm299381,ES
tm320489,DE
ts58480,US
tm138667,IN
tm280060,US
tm363922,RU
tm363922,RS
tm363922,PL
tm349273,TR
ts92726,GB
tm347850,US
ts224746,AR
tm410298,FR
tm410298,IT
tm368729,IN
tm441060,US
tm434676,US
tm346939,US
tm244196,IN
tm438995,US
ts83070,US
ts85618,US
tm354644,ES
tm440996,US
tm242765,AU
tm348073,US
tm307751,IN
tm273600,JP
ts81596,AE
ts81596,SA
ts81596,SY
tm464542,IN
tm445456,IN
tm481188,NG
tm309903,GB
tm309903,DE
tm309903,DK
tm309903,NL
tm424888,MX
tm317491,IN
tm355666,US
ts74959,AU
tm331117,BE
tm331117,FR
tm409494,US
tm348392,GB
tm348392,US
tm348392,IL
tm348392,IT
tm348392,PE
tm375007,US
tm411467,FR
tm416620,FR
tm416620,ES
ts81485,US
ts82445,CN
tm357272,US
ts78099,AU
ts78099,US
tm446987,GB
tm307551,GB
tm349752,US
ts85183,BR
ts84484,US
tm359658,ID
tm311898,CA
tm311898,US
tm421748,IN
tm429174,FR
tm429174,ES
ts83045,CN
tm361770,US
tm375547,ES
ts78707,US
ts76245,MX
tm279585,US
tm307774,IN
tm411503,US
tm363329,CA
tm326704,IN
tm359030,XX
tm327652,US
tm321628,AU
tm348175,IE
tm416458,MX
tm352865,XX
ts79086,US
tm437159,US
tm446206,IE
tm446206,CA
tm324278,US
tm348845,US
tm353627,US
ts84200,US
tm439854,IN
tm299396,ES
tm300447,US
ts82192,BR
tm306631,US
tm440255,PL
tm414595,US
tm353247,IN
tm426983,AT
ts82323,TW
tm411313,PL
tm411313,CH
tm411313,AL
tm411313,IT
tm372610,GB
ts55533,MX
ts76949,CA
tm307843,IN
tm365670,PE
ts82843,US
tm376903,CL
tm376903,AR
tm358609,ES
ts75887,GB
tm376421,JP
tm233360,IL
tm319310,IN
tm283559,PL
tm447328,US
tm233345,US
tm283322,US
tm358813,US
ts90941,AR
tm429186,ES
tm371619,SG
tm371619,ID
tm371619,MY
tm287041,KH
tm424162,TW
tm538868,IN
tm423761,US
tm409456,IN
tm372662,ES
tm428597,US
tm372486,DE
tm370440,US
tm324204,IN
tm324204,MX
tm348467,FR
tm348467,AR
tm324806,US
tm373873,US
tm414447,TW
tm324588,US
tm413418,IN
tm348919,GB
tm445255,IN
tm367264,CZ
tm367264,US
tm423950,MX
tm351720,BE
tm351720,GB
tm351720,US
tm324042,GB
tm324042,US
tm350116,IN
tm835357,MX
tm447750,JP
tm314939,ZA
tm418894,MX
tm279017,US
tm558730,US
tm344995,GB
tm426117,IT
ts84644,US
ts83925,AR
tm372969,IN
ts83820,TH
tm300440,FR
ts55484,KR
ts81856,BR
ts76771,US
tm299730,KR
ts84179,US
ts79585,US
tm351201,TR
tm408871,ES
ts222363,KR
ts75750,KR
ts76540,GB
tm362264,TZ
tm412489,QA
tm412489,TN
tm412489,BE
tm412489,FR
tm361588,CA
tm307767,IN
tm314272,BR
tm364206,BR
tm413082,US
ts84555,MX
tm446424,CA
tm327219,US
tm424898,MX
tm424898,FI
tm316658,US
ts86067,US
tm349656,AR
tm349656,BR
tm349656,DK
tm349656,FR
tm349656,DE
tm349656,PL
tm372061,IN
tm416121,ID
tm350971,PE
tm445153,IN
tm995893,PS
ts82085,JP
tm438994,US
tm428453,TW
tm428453,US
tm428453,CN
tm428453,FR
tm360618,GE
ts229123,IN
ts83204,GB
tm363003,US
ts83663,TW
ts75491,US
ts82564,JP
tm295558,CL
tm295558,NL
tm295558,FR
tm440946,CA
ts83430,JP
tm463827,FR
tm414746,MX
tm432327,IN
tm356684,BE
tm356684,ES
tm275437,US
ts80859,CN
tm492277,ID
tm431928,IN
tm407318,MX
tm408892,ES
tm408892,IT
ts75357,US
tm320785,US
tm430426,EG
tm362121,NL
tm362121,MX
tm320144,IN
ts84330,TH
ts79707,AR
tm318492,TR
tm434883,GB
ts93947,AU
tm374226,US
tm337040,US
tm446574,CA
tm446574,ZA
tm446574,US
ts82631,TH
tm323907,CA
tm323907,US
tm316923,ID
tm348386,US
ts81827,US
tm315865,BR
tm285329,US
tm363181,IN
tm325433,AR
tm325433,ES
tm326773,ES
tm407730,ID
tm370430,MX
tm370430,US
ts84167,TW
tm309115,IN
tm436266,NZ
tm428483,PH
tm416341,JP
tm411257,US
tm451171,NG
tm435487,ID
tm327951,ID
tm417111,PE
ts81886,US
tm425748,ZW
tm430057,AT
tm430057,IQ
tm430057,US
tm353875,BR
tm313472,AR
tm430496,US
ts77219,KR
tm444043,CA
tm374656,US
tm317274,PH
tm366025,FR
tm321149,BR
tm299771,FR
tm369433,IN
tm313424,IN
tm352705,GB
tm328052,FR
ts75320,TW
tm351171,TR
tm326270,US
tm429567,US
tm336227,ZA
ts57913,KR
tm285712,US
tm415245,MY
tm322200,ES
tm407349,BR
tm430090,PY
tm360945,IN
tm299790,US
ts82887,JP
tm361505,CA
tm345767,ES
tm294696,TR
tm363088,GB
tm319512,ES
tm432313,IN
tm413129,PH
tm316744,US
tm412515,IT
tm412515,AR
tm443283,US
tm420311,BR
tm449860,NG
ts77011,JP
tm314677,MX
tm434179,ES
tm415938,MX
tm351688,US
tm444257,IN
tm444907,IN
tm275004,CA
tm421335,US
tm326089,IN
tm431760,MY
tm461349,US
tm435144,US
tm444564,MX
tm409376,CO
tm436171,AR
tm430748,IN
tm443073,US
ts81632,TW
ts83710,US
tm356666,US
ts78757,US
tm422359,PH
tm431275,EG
tm352951,PH
tm362047,US
tm323300,US
tm357708,KR
tm444821,IT
tm351505,KR
tm408257,AR
tm408257,US
ts272185,KR
ts53166,US
tm435333,JP
tm411856,US
tm358188,MX
tm684591,AE
ts57281,US
tm345225,IN
tm443537,IN
tm311902,US
tm364417,PL
tm368350,FR
tm368350,IN
tm368350,SG
tm434126,BR
tm361312,US
ts317239,JP
ts87591,US
tm431081,NG
tm420800,FR
ts80692,JP
ts75138,KR
tm373134,TR
tm348191,PH
tm375091,US
ts55576,US
tm307383,FR
tm307383,PS
tm307383,CH
tm307383,QA
tm469399,IN
tm347060,IN
ts76646,JP
ts81857,MX
tm430660,MY
tm430059,PH
tm324753,BR
tm314138,BR
tm327619,IN
tm244473,NL
tm244473,JO
tm244473,DE
ts84985,GB
tm371622,AR
tm464947,NG
tm442354,IN
tm439678,AR
tm446558,TR
tm366383,TR
tm414340,US
tm197806,US
tm361161,GB
ts86302,ID
tm431169,TW
tm431169,US
tm344562,LB
tm363878,IN
ts84038,US
tm426238,MY
ts74805,US
tm518107,NG
tm404449,MX
tm323602,FR
tm438250,MX
tm438250,AR
tm351181,TR
ts82591,JP
tm374395,IN
tm360763,ID
tm423802,AR
tm442805,TR
tm345960,MX
tm319127,US
tm319127,IN
tm430666,MY
tm431214,KW
tm369315,IN
tm408781,PK
tm361633,GH
tm327636,US
ts119220,US
tm349418,NG
ts85250,US
tm153164,IN
tm428982,EG
ts56251,JP
tm447263,US
tm346398,US
tm305227,MX
tm446104,PH
tm459024,AR
tm459024,IT
tm373864,AR
tm306680,XX
tm286520,US
tm447261,US
tm307698,PH
tm244277,IN
tm376844,MX
tm376844,CO
tm814861,IN
tm352642,LB
tm352642,PS
tm346390,US
tm313118,TR
tm423315,PE
tm417488,EG
tm353791,PH
tm444576,US
tm434776,US
tm445258,XX
ts55735,TW
ts82160,US
tm364769,IN
tm364769,NP
tm411508,IN
tm319477,US
tm433215,PH
tm456983,IN
tm320756,XX
tm466084,FR
tm430459,MX
tm413266,CA
tm413266,JP
tm413266,US
tm404569,IN
tm325610,US
tm321563,DK
tm321563,GR
tm321563,GB
tm1063790,CM
tm358239,US
tm354136,MX
ts54112,TW
tm411649,IN
tm350945,ID
tm244310,IN
tm370781,CL
tm376709,CL
tm376709,MX
tm376709,US
tm368284,CO
tm328041,IN
tm328041,BD
tm375836,LB
tm404610,US
tm358370,IN
tm367105,CO
tm289882,PH
tm370472,XX
tm369453,MX
tm426367,MX
tm438005,PH
tm416134,AR
ts97584,US
tm369210,CO
tm371741,CO
tm478147,NO
tm478147,NG
tm840936,XX
tm349134,CL
tm459527,TR
tm440324,CO
tm450512,PK
tm403197,LB
tm429383,KR
tm458074,BR
tm440208,TZ
tm336084,IN
tm450769,IN
tm362737,CH
tm480647,KG
tm479734,ZA
tm479734,CA
tm478654,US
tm369079,US
tm420789,IN
tm368448,ES
tm411528,US
tm348281,GB
tm423593,ID
tm438105,CZ
tm471288,ZA
ts80751,US
tm346867,US
tm312738,IN
tm404828,KR
ts57116,AU
tm242887,IN
tm494577,NG
tm444799,CA
tm479933,XX
ts80993,CN
tm371188,ID
tm367613,IN
tm369452,AR
ts81828,US
tm430281,IN
tm445852,XX
tm512751,NG
tm368697,PH
tm452767,XX
ts236619,US
ts85660,KR
ts268283,JP
ts86360,CN
tm368006,US
ts58061,CN
tm834886,KW
tm309251,IN
ts80671,US
tm320949,MX
tm438423,PH
tm325650,US
tm325650,CN
tm325650,AU
tm428877,TR
tm478967,AE
tm364525,US
tm369456,XX
tm447514,US
tm476959,LB
ts84372,KR
tm422510,EG
tm362878,ID
tm449262,IN
tm407881,FR
tm426994,IN
tm421161,US
tm246330,IN
tm858471,CA
tm465864,AE
tm493814,ID
tm491499,AE
tm481189,IN
tm433087,MY
ts84341,TW
tm332572,IN
tm421125,EG
ts250172,BR
tm332500,PH
tm436704,US
tm441915,US
tm460198,NG
tm327926,AE
tm327926,LB
tm458186,BD
tm478701,NG
ts78444,US
tm426260,ID
tm1146751,TZ
tm463592,JP
tm463592,GB
ts86497,US
tm441050,US
tm441050,GB
ts216679,US
ts87466,JP
ts82915,GB
ts81007,GB
ts88361,US
ts76645,US
ts57327,US
tm681578,US
tm366227,US
ts87453,US
ts88613,GB
tm832345,PL
ts89259,US
ts89339,US
ts82914,US
ts90234,US
ts81120,US
ts224901,GB
ts84146,US
ts221904,US
ts82361,JP
ts254656,US
ts89840,US
ts235655,US
ts87953,US
tm414584,US
tm414584,CN
ts223986,US
tm427335,US
tm427335,CA
tm417392,AU
tm417392,US
ts252505,US
tm369594,US
ts87248,US
ts103702,GB
tm368699,US
ts80962,US
tm863808,ZA
tm863808,GB
tm244149,US
tm827638,US
tm849022,US
ts225651,GB
ts221016,GB
tm431321,US
ts304505,US
tm403709,GB
tm840196,US
ts287836,BE
ts284800,GB
ts235758,US
ts224303,CN
tm827648,US
tm849004,US
ts242210,KR
ts252758,US
tm453862,KR
ts237107,US
tm448792,US
tm448792,CA
ts219660,JP
ts95997,US
tm943790,GB
ts55762,KR
tm847085,US
ts89564,US
tm502532,US
ts84633,JP
ts88379,GB
tm821789,US
tm417553,US
tm834851,US
tm834851,GB
tm845489,GB
ts57213,GB
ts57213,US
ts82913,US
ts241248,US
ts241248,GB
ts80709,US
ts222439,KR
ts83082,US
tm824398,ES
ts218569,US
ts113842,GB
ts223210,US
ts223210,GB
tm818266,LT
tm818266,NL
tm818266,BE
tm460948,US
tm911973,US
tm362198,CA
tm362198,CN
tm362198,US
ts105825,IS
tm244207,US
tm372066,US
tm832916,US
tm239927,GB
tm239927,US
ts90448,US
ts246072,DE
tm428856,AU
ts219101,FR
ts221200,US
ts83555,US
tm849003,US
ts88577,US
ts223548,US
tm916405,US
tm916405,BG
ts84661,US
tm496322,US
ts105047,RU
ts241486,JP
ts107724,DE
tm499045,AU
ts87364,US
tm444017,US
ts103133,US
ts227305,US
tm820190,KR
ts225522,DE
tm943774,US
tm470240,US
tm426428,US
tm458585,US
ts89210,US
ts104401,NO
ts83657,US
tm319470,US
tm319470,FR
tm319470,IE
tm927718,US
tm919961,HU
tm919961,US
tm919961,CA
ts222988,AU
tm1121246,GB
tm1121246,US
tm1121246,CA
tm925486,US
tm925486,CY
tm456436,US
tm456436,CA
ts90729,US
tm432765,US
ts224859,US
tm417416,US
ts223530,KR
ts103329,JP
tm441231,US
tm927037,US
tm443615,GB
ts84663,US
ts86165,US
ts215683,CN
tm836438,US
tm447788,US
tm447963,US
tm843444,US
ts85398,GB
ts218802,US
ts129445,FR
ts236685,ES
ts84993,US
tm420826,US
tm919864,IN
tm927480,US
tm455636,US
ts237499,PL
tm983787,US
ts249891,US
ts286390,ES
tm877681,US
ts236531,US
tm850404,US
tm821143,US
ts82912,US
tm449105,US
tm449105,DE
ts89014,US
tm460124,GB
tm460124,US
tm678022,US
ts250801,MX
ts281928,US
tm433462,US
ts225867,GB
tm441232,US
tm464662,US
tm417055,US
tm456156,US
ts83491,US
tm886464,US
tm853783,GB
tm935309,FR
tm935309,LT
tm935309,GB
tm428557,US
ts223404,KR
ts93054,US
tm824477,CN
tm824477,US
tm435520,US
ts82851,US
ts216522,JP
ts221749,JP
ts88469,BE
tm285317,US
tm443179,US
tm332071,US
ts90019,US
ts223981,US
tm857430,ES
tm824331,US
ts88283,US
ts105441,GB
tm878333,JP
ts220751,CA
tm414341,US
tm414341,CA
ts88485,US
tm845496,US
tm446176,US
ts90937,AU
tm423666,CN
ts219080,SE
ts250997,US
tm458553,US
tm548602,US
tm423140,GB
ts237560,US
tm361998,FR
tm418847,DE
ts226468,IT
ts86908,US
ts222835,DE
ts237111,AR
ts110703,GB
tm348403,GB
tm348403,FR
ts255427,US
ts255926,US
ts161737,US
tm469193,SN
tm469193,BE
tm469193,FR
tm450262,BE
tm450262,SE
tm450262,GB
ts223344,TR
tm449195,MW
tm449195,GB
tm449195,US
tm307133,US
tm498803,US
tm411750,US
ts93611,US
ts255104,US
ts100116,CA
tm458467,US
ts100359,US
tm446609,US
tm817709,GB
ts243036,US
ts106536,GB
tm853953,US
tm315255,CN
tm315255,HK
tm361746,GB
tm361746,US
tm813695,US
ts222455,US
ts222455,IL
ts225101,KR
tm498034,US
tm413660,US
tm413660,CA
ts89282,ES
tm358770,ES
tm358770,US
tm845484,US
tm934040,US
tm443154,US
ts236747,US
tm863280,MY
ts116814,BE
ts251654,EG
tm355783,US
tm469991,FR
ts268608,GB
ts268799,DK
ts215691,US
tm375883,ES
ts306090,JP
tm471878,PT
tm471878,US
tm459742,US
ts88699,CA
tm918706,US
ts251782,US
tm464351,GB
tm464351,US
ts215012,US
tm453099,US
tm893799,BE
tm893799,FR
tm426638,IE
tm426638,GB
tm925584,US
ts225787,US
ts192440,US
ts88296,NL
tm845549,US
tm845549,GB
tm460829,JP
ts223126,US
tm845512,US
tm325325,US
ts88262,GB
ts236501,ES
ts86726,US
tm918734,US
tm918734,GB
tm926004,US
ts256309,AU
ts89251,US
tm437221,US
ts105645,US
tm817504,US
tm827216,GB
tm827216,US
ts225718,FR
tm369389,FR
tm369389,ES
tm369389,US
tm369389,CA
tm858954,PL
ts252856,US
tm828069,IE
tm828069,GB
tm852097,JP
tm471967,US
tm974366,US
ts215178,US
tm828317,GB
tm432022,JP
ts93066,US
ts223759,US
ts104840,DE
tm455568,US
ts219162,US
tm952590,US
tm931686,US
ts254592,US
ts81646,US
ts219561,US
ts272134,US
ts91039,US
tm812916,FR
ts92547,TR
ts113506,GB
tm898474,FR
tm935895,US
tm935895,IT
ts87471,JP
ts89744,DE
tm447159,US
tm447159,FR
tm447159,SE
tm447159,GB
tm447159,DE
tm447159,DK
tm447159,CA
tm852996,US
ts225912,DE
ts215341,KR
tm676311,US
tm847430,JP
tm893480,US
ts250912,US
ts190462,US
ts187541,KR
ts105542,US
ts89075,KR
tm420455,US
ts237109,MX
ts86978,ES
tm924991,TH
tm924991,US
ts215046,LU
tm846964,US
tm436778,US
ts189422,NO
ts88151,SE
ts223589,US
tm847998,US
ts275111,US
tm814671,US
ts237513,JP
tm844250,IN
tm819950,CZ
tm819950,FR
tm819950,GB
tm885775,US
tm936236,NO
tm936236,FI
tm890660,ES
ts88721,US
ts103209,US
ts223240,KR
tm465724,US
ts87008,GB
ts89119,GB
ts242820,US
tm370530,AU
tm845415,US
tm827142,US
ts227385,US
tm922788,US
tm459512,US
tm822246,US
ts251028,TW
tm315348,US
tm315348,CN
tm315348,TH
tm849005,CA
ts106015,JP
tm839411,IT
ts89832,KR
tm446625,US
tm827501,US
ts225544,US
tm935878,GB
ts237751,PH
tm428558,US
ts277126,IL
ts84586,US
tm822907,US
ts267956,TR
ts87986,US
ts106126,FR
tm850723,JP
tm854669,US
tm914535,US
tm845535,GB
tm845535,US
tm845535,CN
ts251094,IN
ts251094,US
tm948128,CH
tm948128,US
ts89747,ES
tm853396,US
tm316311,BR
tm316311,FR
tm316311,ES
tm316311,BE
ts221293,KR
tm496648,FR
ts288350,US
tm902330,GB
tm451548,JP
ts188991,MX
ts188991,ES
tm810547,KR
tm464557,US
tm469008,US
tm897732,BE
tm897732,FR
ts268560,KR
tm928541,US
ts225460,DE
ts225460,AT
tm444247,US
ts224072,US
ts83107,US
tm467579,US
ts216493,JP
tm500565,US
tm452826,US
tm452826,GB
tm475836,US
ts251067,US
ts108392,GB
tm451512,GB
tm451512,US
tm927286,GB
ts222606,KR
tm938793,AU
ts219895,US
ts101874,CO
ts86744,KR
ts84129,US
tm941382,JP
ts270465,IT
ts89326,KR
tm933375,FR
ts218888,JP
ts76382,US
tm833638,JP
ts104449,US
ts237096,US
ts251617,US
tm475783,US
tm451078,JP
ts91124,KR
tm855600,US
tm827508,US
ts88312,FR
ts88312,US
ts256007,SE
ts89958,KR
tm120072,US
tm856375,CA
tm462903,US
tm462903,BE
ts101408,ES
ts219049,TW
tm845437,US
tm814150,FR
tm461366,PL
tm981451,GB
tm981451,US
tm855827,US
tm511940,US
ts85480,JP
ts315066,FR
ts221365,ES
tm890674,US
tm524282,US
ts216474,IT
ts225860,NO
tm881162,US
ts189405,BR
ts93482,US
ts236033,US
ts242244,JP
tm471922,FR
tm877456,US
tm818502,ES
ts236725,US
ts113637,ES
ts222367,DE
tm884511,US
ts252122,KR
tm887450,CA
tm430171,US
tm936396,US
tm425698,IN
tm425698,GB
tm371882,CN
tm858001,US
tm424074,US
ts222917,US
tm885860,AU
tm469400,US
ts86927,KR
tm467299,US
ts321758,KR
ts252098,GB
tm843768,US
tm458721,US
tm918701,ES
tm571805,US
tm571805,GB
tm501222,ES
tm848995,US
ts224164,GB
ts215378,TR
ts237208,GB
ts237208,US
ts251157,US
ts268890,KR
ts223192,KR
ts218803,US
tm463385,US
tm826563,US
tm826473,TW
ts226602,US
tm823355,US
ts255880,US
tm942240,BR
tm942240,MX
tm483997,GB
ts221174,CN
ts103360,ES
ts220552,US
ts220552,FR
tm864480,AR
tm864480,ES
ts111206,US
ts296153,US
tm898262,AR
tm898262,ES
tm898262,FR
ts254982,GB
tm824165,US
tm465231,US
ts215718,KR
tm883189,US
ts225328,GB
tm458127,US
tm475339,US
ts268551,KR
tm881859,US
tm503508,JP
tm503508,GB
tm827304,US
ts254600,US
tm461829,US
tm434553,US
ts225716,FR
tm848996,US
ts225162,US
tm448767,US
ts256783,US
ts89048,KR
tm912373,US
ts225669,JP
tm670553,TW
ts268508,GB
tm847629,GB
ts103890,AU
ts221366,FR
ts236388,FR
tm893816,US
ts86413,US
tm823488,CA
ts218564,US
ts89291,FR
tm467804,IN
ts254293,US
tm922532,DE
ts237104,GB
tm844642,US
ts114080,FR
tm878842,US
tm855483,US
tm447520,US
ts89876,US
tm679284,US
tm454824,RU
ts252341,US
tm453850,KR
ts237488,ZA
tm447439,DE
ts222933,FR
ts220248,US
tm467467,US
ts269690,US
tm834664,US
ts221363,DE
ts268592,XX
tm497383,US
tm497383,AL
tm497383,JO
tm497383,TH
tm978401,US
ts256764,CN
ts256764,US
ts88471,BR
tm449594,FR
ts251560,KR
tm452851,IL
tm452851,US
tm452851,FR
tm452851,DE
tm554944,IT
tm554944,GB
tm931158,US
ts237239,CO
tm834230,ES
tm470836,US
tm472411,AU
ts225377,IO
tm454375,US
tm837756,MX
tm837756,US
ts88909,GB
tm305433,US
tm819054,BE
tm819054,FR
tm863890,DE
ts222325,DE
ts218500,US
ts187386,CA
tm490222,US
ts86928,KR
ts89881,US
tm838876,US
tm868777,US
ts90511,MX
tm846166,CN
tm846166,DE
tm846166,GB
tm450478,US
ts213232,US
ts185885,DE
tm917325,US
tm986700,PL
ts217891,JP
tm838687,US
ts85619,ES
ts268099,US
tm856593,US
tm844662,US
tm446581,BR
tm494731,US
tm886283,UA
tm886283,GB
tm886283,US
tm886283,NL
tm886283,PL
ts106141,BR
ts225430,KR
ts257301,CA
tm844513,BR
ts255809,AR
ts192297,GB
ts192297,NL
tm884369,CA
ts189629,AR
ts216593,MX
ts82739,NL
ts82739,BE
tm858416,IN
tm836662,AU
ts226588,US
ts222634,BR
ts223895,KR
ts251615,US
tm812998,TR
tm889629,US
ts254568,DE
tm977997,US
ts223077,US
ts226617,US
tm897170,FR
ts110637,FR
tm917974,US
ts213820,US
ts88744,GB
ts90621,IN
ts90995,MX
ts88841,KR
tm916997,US
tm852662,IT
tm376739,US
tm849937,MU
ts93981,MX
ts102933,ES
tm932609,IT
tm898169,US
tm851346,US
ts252661,ES
ts314648,GB
tm894619,CA
tm894619,US
tm885805,US
tm483420,GB
tm918853,US
tm814644,US
ts90413,FR
ts90413,US
ts306187,US
tm857187,US
ts225102,KR
tm855535,PL
tm514494,DE
tm514494,ES
ts214280,MX
ts187443,ES
ts251420,US
ts225410,MX
tm453903,ES
tm843938,IT
tm674099,IT
ts86946,FR
ts90645,ES
tm835432,ES
ts113748,US
tm413558,BE
tm413558,KH
tm413558,FR
tm413558,LU
tm470560,US
ts90095,JO
tm954543,US
ts235672,IN
tm434830,CA
tm893680,US
tm824559,US
tm835486,US
ts237014,CO
ts87224,CO
ts223238,KR
ts88271,CN
ts90280,MX
ts288353,BR
ts188840,US
tm915043,US
ts218277,AR
tm887369,US
ts89231,US
ts251512,US
tm493175,GB
tm283581,IN
tm917036,US
ts104485,TH
ts222049,US
ts223456,US
ts237773,IT
tm861718,GB
tm458893,RO
ts250800,BR
tm854278,FR
ts110635,IT
ts191121,BR
ts236051,ES
ts213544,KR
ts89028,IN
tm898699,US
tm840224,US
ts87320,CA
tm453098,KR
ts269501,AR
tm848443,IN
tm898773,IN
ts90356,JP
ts103213,ZA
tm883441,ES
tm813929,NG
ts238242,CO
tm857921,PS
tm857921,QA
tm465408,US
ts220983,KR
ts187070,US
ts256853,CN
ts251621,US
tm452573,US
ts89347,US
tm822596,DE
ts250920,US
ts105192,AU
tm319139,IN
tm495609,IN
ts85451,ES
ts89583,CA
ts104168,US
ts87488,US
tm470597,CN
tm470597,US
tm502151,ES
ts245653,MX
ts254045,US
tm456074,US
tm461159,CA
tm816593,US
tm454861,MX
tm850862,US
tm860965,US
ts252166,KR
tm919106,GB
ts87473,JP
tm467848,JP
ts223659,IN
tm845532,US
ts225539,KR
ts190452,ES
tm836674,US
ts222438,JP
ts90902,KR
tm912400,GB
ts251119,TH
ts88821,CN
ts91034,IN
tm816038,JP
tm943718,US
ts101060,US
tm423624,IN
ts88133,CN
ts317497,ES
tm518467,ES
tm518467,BE
tm518467,DE
tm826368,US
tm454096,US
tm987599,US
ts87361,AU
ts104507,TW
tm831873,AR
tm856424,IN
tm884581,BR
ts218176,US
ts217719,US
tm885669,US
tm843276,AR
tm941531,IT
ts221851,KR
tm873159,CN
tm430106,RS
tm430106,UY
tm430106,AR
ts254737,CA
ts224794,US
ts88552,AR
ts91087,KR
tm836638,BE
tm836638,FR
tm836638,IT
ts255418,XX
ts88352,KR
tm452440,BR
ts83810,FR
ts83810,US
ts83810,JP
ts252318,US
tm949267,AR
tm820116,FR
tm458363,US
ts236332,US
ts89331,JP
tm856545,AR
ts219422,KR
tm886214,IN
ts237071,JP
tm425944,SG
tm425944,FR
tm425944,NL
ts84639,JP
tm888080,US
ts191285,CN
tm925490,JP
tm925490,US
tm925490,CN
tm450095,JP
tm452867,KR
ts87372,JP
tm450698,FR
tm450698,IT
tm895839,IT
tm454156,ES
tm897418,FR
tm857397,AR
tm960414,US
tm475430,CN
tm897771,US
tm351938,FR
tm351938,BE
tm460360,FR
tm460360,ES
ts90789,US
ts256606,US
ts222609,KR
ts59542,MX
tm494531,ES
tm1127695,ES
tm1127695,FR
ts235979,TW
tm818786,ES
tm818786,MX
tm674135,TR
ts227412,GB
ts87698,ES
ts87680,MX
tm817087,IT
ts251378,BR
ts90980,US
ts225513,BR
tm484989,ES
tm455197,IN
ts88937,ZA
tm431349,IN
tm886086,US
tm889679,US
ts85510,US
ts101042,MX
ts223690,CN
tm835869,US
tm835869,IL
tm450673,US
ts218367,AR
ts90508,GB
ts256784,US
ts253549,AU
tm455410,FR
ts108593,US
ts222803,PE
ts222803,AR
tm470378,US
ts236182,US
tm472766,BR
tm857399,US
ts226403,BR
tm428506,IN
tm464435,US
ts218890,JP
ts89361,ES
tm832903,BR
tm910612,BE
tm885845,US
ts252141,AU
tm468724,CN
tm468724,US
tm925218,HK
tm925218,CN
tm1147120,US
tm973704,IN
tm485801,ES
tm485801,PT
tm954606,DE
ts223242,KR
tm458418,KR
ts251618,GB
tm458326,US
tm948916,AT
tm948916,DE
ts251061,CN
ts224891,JP
tm917822,US
tm464888,IN
tm846941,US
tm848663,IN
tm854876,IT
tm882887,US
tm882887,AR
tm473601,AR
tm821164,US
tm821164,JP
ts250871,US
tm840723,IN
ts243256,US
ts224796,MY
ts224796,TW
tm857051,IN
tm458328,IN
tm931330,KR
ts105608,AR
ts222980,US
tm944631,MX
ts89315,FR
ts269157,FR
tm889200,JP
tm823302,BR
tm847623,US
tm832843,US
tm375446,DE
tm375446,NO
tm822832,PH
tm822832,US
ts103935,CO
tm849407,DE
ts223084,TW
tm898759,US
tm889390,US
tm889018,CL
ts224198,KR
tm946604,AT
ts100354,AR
ts254817,DE
tm450375,IN
tm954303,ES
tm954303,CO
tm452962,FR
tm452962,ES
tm452962,US
tm493511,IN
tm881891,US
tm460815,IN
tm883113,BE
tm883113,FR
tm880059,US
tm998899,CM
ts253288,US
tm474862,US
tm372035,FR
tm449590,US
tm849251,AR
ts89340,MX
tm975765,BR
tm827640,US
tm850454,US
ts270439,US
tm947555,US
tm835305,US
tm843944,MX
ts217356,IN
tm460259,AR
tm460259,CA
tm460259,CL
ts256898,DE
tm879609,GB
tm879609,CA
ts88336,US
tm426630,IN
tm932595,US
tm451584,ID
ts254537,BR
ts268758,IN
tm918962,CA
tm1081074,US
ts86365,JP
tm466832,JP
ts218504,CA
tm945825,US
tm927926,MX
ts225379,KR
tm474548,US
tm819107,US
ts89330,JP
tm827168,JP
tm827168,US
tm838869,FR
ts91125,KR
tm812781,US
tm884616,CL
tm945168,EG
tm945168,US
tm933639,US
tm847805,IN
tm938227,US
tm910999,MX
tm980097,IT
tm475501,US
tm845552,US
tm948607,CA
tm818588,MX
ts250803,GB
ts250803,US
ts79695,BR
tm852060,AR
tm469432,AU
tm469432,GB
tm842829,PH
tm898180,GB
tm461827,ES
tm814734,DE
tm450832,FR
tm849131,GB
tm925858,ES
tm925858,US
tm925858,BE
tm932201,TH
tm932201,US
ts90640,LB
tm428702,US
tm475162,US
tm475162,CA
tm853910,MX
ts262037,KR
ts270742,KR
tm818154,US
tm450462,IN
tm474695,ES
tm447755,AU
tm465984,CN
tm465984,ES
tm429172,ES
tm825102,US
tm825102,GB
ts237304,US
tm821662,IN
tm819497,DE
tm465427,PH
tm452929,ES
tm937265,MX
tm421560,FR
tm421560,BE
tm973536,US
tm854682,MX
tm466255,US
tm462551,ES
ts214462,CO
tm833382,TR
tm863879,IN
tm912327,KR
ts251272,US
ts269073,IN
tm473813,IN
tm840761,GB
tm840761,US
tm878995,US
tm982100,US
tm483602,IN
tm931436,FR
tm931436,JP
tm931436,GB
tm931436,US
tm931436,CA
tm838705,US
tm901947,TW
tm975398,DE
tm470252,US
tm463038,ES
tm462778,US
ts214192,MX
ts104483,IN
ts250872,US
tm830795,TH
tm849323,IN
tm919920,IN
tm455981,IN
tm462611,MX
tm453727,US
tm814894,ES
tm816992,HK
tm816992,CN
tm477006,IN
tm839761,PH
ts269740,ZA
tm908529,MX
ts87489,US
ts216698,GB
tm944331,US
tm940566,IN
tm979689,US
ts217389,IN
tm851912,IN
tm926528,IN
tm838765,US
tm890591,PE
ts223982,FR
tm844497,US
tm856945,CA
tm856945,US
tm977952,PL
tm857805,TW
tm892081,US
tm912190,IN
tm678851,IN
tm919903,MX
tm919903,CO
tm919903,FR
tm474061,US
tm675171,US
tm467116,US
tm467116,SE
tm494847,IN
ts103918,CO
tm373471,IN
ts214463,US
tm511991,IN
ts223308,US
ts218000,LB
tm946360,US
tm938466,NL
tm850730,ES
tm842817,NG
ts218307,US
ts222942,US
tm884531,DE
tm871330,US
ts223110,US
tm957567,DE
ts226410,CN
tm841410,US
ts222599,US
tm431810,GB
ts112733,IN
ts224906,CN
tm946801,BR
tm918373,US
ts105601,US
tm869373,JP
ts214861,US
tm957903,US
tm946927,US
ts228502,US
tm466954,US
tm843345,KR
tm843345,US
ts217045,JP
tm889647,US
tm847008,FR
tm847008,BR
ts112667,US
tm845850,MX
tm845850,US
ts251929,US
tm946718,CA
tm946718,LK
tm844208,ES
ts221041,TH
tm462660,TH
ts101503,US
tm977478,US
tm910040,US
tm452574,US
tm483511,IN
tm469966,FR
tm469966,QA
tm469966,MA
tm420181,US
ts90063,CN
tm828326,US
ts89182,TW
ts252015,US
tm455161,IN
tm919082,GB
tm452996,US
tm866782,TR
tm935388,IN
tm1096875,US
tm826875,FR
tm882875,JP
ts251072,TH
tm897794,NG
tm828570,IN
tm825952,US
ts88608,IN
tm462277,IN
tm943771,IE
tm943771,US
tm838007,IN
tm817284,ID
tm887052,US
tm834608,UY
tm918960,CA
tm977782,CA
tm459329,IN
tm933826,IN
tm849599,AR
tm838022,IN
tm863514,IN
tm981475,ES
ts237556,CO
tm461726,US
tm845616,TH
tm872732,GB
tm854454,IN
tm810423,US
ts89696,MX
tm849102,IN
tm946277,IN
ts266966,KW
tm925186,AO
tm925186,ZA
tm514257,ES
tm1013697,NG
tm863992,ES
tm882700,ES
ts251616,DE
tm841239,US
tm851862,MX
tm837648,FR
ts253722,US
tm976632,IN
ts221151,US
tm843958,US
tm431769,DE
tm431769,IN
tm431769,AT
tm366245,IN
ts241460,SA
tm1079495,AU
ts269844,IN
ts256297,TW
ts236197,CA
tm472195,US
tm971431,IS
tm466426,US
tm943808,AR
tm451852,ID
tm844978,GT
tm844978,UY
ts88166,MX
tm918043,IN
tm835512,US
ts256134,US
tm918258,AR
tm918258,CO
ts89895,US
tm972010,TW
tm426634,QA
tm426634,SY
tm426634,FR
tm426634,LB
tm442199,CN
tm908777,BR
ts225647,KR
ts105589,US
tm852728,ID
ts103574,SN
ts269283,IN
tm847678,JP
tm835414,IN
tm859143,IN
tm812593,CO
tm825210,BR
tm810642,IN
tm845370,US
tm845370,MX
tm457296,US
tm822271,ID
ts236769,US
tm810836,IN
tm473647,US
tm452900,CL
tm840216,US
tm857873,IN
tm492043,IN
tm854749,IT
tm923612,JP
tm456894,US
ts92405,IN
tm465513,US
tm973335,IN
ts223062,TH
ts222625,CN
tm234980,TW
tm980358,US
tm468200,IN
tm837690,IN
tm885364,MX
tm845588,US
tm828318,IN
tm893874,IN
ts189314,US
tm929600,BR
tm845594,IN
ts266898,BR
tm464212,FR
tm832463,IN
tm842976,AR
tm824324,EG
tm463814,IT
tm845117,US
tm834121,MX
tm834121,US
ts233367,ES
tm456271,LB
tm850382,IN
tm824560,NG
ts236653,US
tm863611,IN
tm813936,US
tm832844,GB
tm1149814,ZA
tm982569,US
tm468651,ZA
tm881575,US
tm881575,ES
tm907704,US
tm494190,MZ
tm462037,CL
ts269085,CL
tm946795,NG
ts257243,US
tm474647,JP
ts88146,US
tm822502,BR
ts223454,TH
tm484173,IN
tm918894,FR
tm842869,FR
tm847212,IN
tm931701,NG
tm1020701,MX
tm457410,TR
tm917999,US
tm461532,TR
tm862830,ZA
ts221891,MX
tm851860,MX
tm949905,IN
ts90466,HK
tm920320,DK
tm920320,EG
tm920320,DE
tm476922,LB
tm976168,AU
ts89336,US
ts89656,CN
tm845942,US
tm950808,IN
tm507191,TW
tm474496,CL
ts213611,TH
tm115973,IN
ts214579,JP
tm823459,US
ts252695,US
tm817542,JP
tm983091,US
tm896246,US
tm845607,US
tm881984,IN
ts217553,HK
tm917846,ZA
tm921416,IN
tm881973,CA
tm452237,US
tm851499,IN
tm813938,US
tm818499,SG
tm818499,MY
tm819016,CO
tm1080109,NG
tm920599,CA
tm848261,IN
tm908128,IN
tm813634,IN
tm941493,CA
tm477403,IN
tm854786,IN
tm825934,CA
tm825934,US
tm843143,ID
ts90643,KW
tm813423,US
tm813423,NL
tm813423,CA
tm813423,LB
ts230973,JP
tm927033,CA
tm830833,US
tm887376,JP
tm887376,US
tm887376,FR
tm859424,AF
tm859424,DE
tm859424,PS
tm677746,FR
tm677746,IN
tm677746,QA
tm810873,IN
tm475638,BR
tm437379,MX
tm437379,US
tm981956,US
tm902363,AR
tm839479,PH
tm405637,EG
tm982018,US
ts223098,BR
tm885948,IN
tm475815,IN
tm435836,IN
ts89679,TW
tm1028083,CA
tm824566,PS
tm824566,DK
tm824566,LB
tm813075,US
tm837843,US
tm837843,GB
tm837843,DE
tm893510,IN
tm847630,IT
tm852775,IN
tm430120,UY
tm430120,MX
tm430120,ES
tm866495,ID
tm439365,IN
tm683841,HK
tm683841,PH
tm922407,IN
tm822272,ID
tm832684,US
tm984018,US
ts224261,DE
tm373655,IN
tm452578,US
tm840208,GB
tm886360,US
ts225708,SA
tm819841,PH
ts215166,JP
tm832289,NG
tm1026231,JP
tm464509,IN
tm938186,ZA
tm912399,FR
tm824858,PH
tm835958,CA
tm1047951,NG
tm947446,PH
ts251783,US
tm1026240,JP
tm454464,CN
tm373452,IN
tm843222,JP
ts45322,CN
tm929614,FR
ts223121,TH
tm854261,TR
tm937044,FR
tm435327,ID
ts78324,US
tm834715,IN
tm1036794,ID
ts223115,TH
tm814652,IN
tm835445,US
tm461427,IN
tm815438,EG
tm468811,IN
tm883070,SE
tm929630,US
tm810357,CA
tm1005937,NG
tm831934,NG
tm830151,ID
ts222802,CN
tm899554,GH
tm860204,VN
ts237487,US
tm975616,BR
tm840242,US
ts87599,CN
tm1114639,IN
tm838954,MY
ts268648,BR
tm844236,CA
ts90568,TH
tm938434,MY
tm466854,IN
tm894858,KW
tm472999,IN
tm469510,IN
tm924556,IN
ts268997,TW
ts221472,EG
tm831196,IN
tm918959,US
tm831125,US
tm674494,NG
tm474618,US
tm474618,MX
tm675214,NG
tm453994,CA
tm453994,NO
tm677904,NG
tm890479,US
tm476708,TR
ts235689,CN
ts235689,TW
tm935941,GB
tm936519,EG
tm834653,EG
tm834653,SA
tm472961,US
tm818239,IN
tm852207,LB
tm852207,GB
tm852207,DK
tm820338,TW
tm675154,IN
tm945831,US
tm679270,IN
tm540277,UY
tm844201,US
tm488551,IN
tm882222,AE
tm840152,NL
tm840152,PS
tm840152,US
tm840152,LB
tm475254,BD
tm1031016,NG
tm478962,IN
tm1068745,NG
tm916008,FR
tm476593,IN
ts222901,TW
tm814953,ID
tm836077,CO
tm935993,TW
tm848444,SA
tm882606,IN
tm942492,US
tm942492,CA
tm976519,US
tm483103,EG
tm888850,JP
tm826677,TH
tm1088545,NG
tm833555,KR
ts213071,TH
tm435295,ID
tm678035,AE
tm846630,ID
tm885938,BR
tm824855,PH
tm894241,IN
tm464284,HK
tm922943,AU
tm878492,NG
tm977184,US
tm873655,NG
tm925702,SG
tm811954,IN
tm837042,JP
tm1000551,NG
tm981675,US
tm896976,US
tm460199,IN
tm816983,KW
tm823848,EG
tm822167,PH
tm918704,NA
tm837802,BR
tm989205,AR
tm853091,EG
ts258169,US
tm919210,IN
tm1028068,ID
ts223078,US
tm849565,ID
tm1000166,ID
ts234501,US
tm944307,TR
tm510525,IN
ts235916,IN
ts269280,ZA
tm472231,ID
tm460149,ID
ts222838,US
ts255823,PH
tm856372,SA
tm493556,IN
ts234505,FR
tm530822,US
ts215862,US
tm1073298,NG
tm816432,IN
tm461907,IN
tm463217,IN
ts236850,LB
tm454431,HK
tm446480,ID
tm869307,NG
tm979073,ID
tm1041549,NG
tm879556,US
ts90648,KW
tm454338,PH
tm470687,CO
tm474405,PH
tm474405,JP
tm471802,IN
tm902993,US
ts89740,HK
tm836449,JP
tm462809,ID
tm455715,ID
tm476496,IN
tm898322,NG
ts304136,KR
tm901961,TH
tm846354,ID
tm823350,BR
tm915354,TW
tm451502,IN
tm450129,PH
tm921230,ID
tm826983,PH
tm451269,PH
tm840236,ID
tm460411,TR
ts224956,IO
ts283159,HK
ts264270,GB
ts264270,US
ts217231,GB
ts90093,US
ts342732,US
ts108385,US
tm1082564,US
tm1043537,GB
tm1043537,US
tm674063,CA
tm674063,GR
tm674063,NZ
tm674063,GB
tm674063,AU
ts225061,US
tm1166024,GB
tm1075698,US
ts344184,US
tm1120543,US
tm1185367,US
ts256310,US
ts270910,US
ts222333,US
tm1083293,US
tm979026,US
ts301625,PL
ts311987,US
ts215951,US
tm856378,US
ts307973,US
ts240453,SE
ts333834,US
tm852172,NL
tm852172,US
ts294338,US
ts294338,GB
ts256072,US
ts256710,US
tm413169,US
tm413169,AU
ts343599,GB
ts220305,KR
tm1185374,US
tm1064065,SE
ts343432,TR
tm1137051,JP
tm1080083,GB
tm1080083,US
tm1080083,GR
tm1191224,PL
ts331448,ES
tm370144,US
tm404856,US
ts281927,GB
ts223537,US
ts340376,CO
ts346959,US
ts87242,US
ts296046,FR
tm937814,US
tm937814,AT
tm937814,GB
ts328625,US
tm825714,US
tm1196288,US
tm1014947,DK
tm1014947,IS
ts227473,US
ts321918,US
ts225855,KR
ts257504,ES
tm1142224,GB
tm1185360,US
tm1165983,GB
ts102086,GB
tm857461,IN
ts330402,US
tm1120855,US
ts329699,US
tm1019177,CH
tm1019177,DE
tm1166288,CA
ts237722,US
tm1166020,FR
tm1066826,US
ts85985,US
tm991529,IT
ts343430,FR
tm1092864,DE
tm1092864,GB
tm1092864,US
tm986168,US
tm983784,NZ
tm1150385,GB
ts232107,KR
ts237713,US
tm1033470,US
ts300391,AU
ts300391,US
ts94677,US
ts251675,KR
ts234817,US
tm1185687,ZA
ts286731,JP
ts314164,KR
ts327074,US
tm1111987,GB
ts279892,US
tm946869,US
tm471968,GB
tm471968,US
tm471968,CA
tm1138477,US
ts311985,US
ts250998,NL
ts331681,US
tm1048362,DE
tm1048362,US
tm501313,FR
tm501313,DE
tm501313,US
tm1110527,NL
tm983723,GB
tm983723,US
ts225645,US
tm1046026,NO
ts296472,DK
tm1022103,ES
tm456513,US
ts321513,KR
ts311989,US
ts310057,US
tm1119272,US
ts225657,US
ts229335,SE
tm1038686,US
ts287976,SE
tm347095,FR
tm347095,US
tm855839,DK
ts255037,US
ts312984,KR
ts95572,GB
tm1048678,US
ts287352,IL
ts346034,US
ts346500,GB
tm851128,FR
tm1179973,GB
ts273436,US
tm1046932,JP
tm1046932,TH
tm1046932,US
tm861000,CA
tm861000,GB
tm861000,US
ts237972,IS
ts262246,GB
ts330347,PL
ts328541,GB
ts302363,KR
tm859005,AR
tm1002815,CA
tm1002815,US
ts88578,US
tm817075,PL
ts308845,DE
tm1087461,GB
tm1087461,SE
tm1188819,DE
tm1092958,RO
tm1092958,US
tm416779,US
tm1000619,IN
ts330425,US
tm1187913,ES
ts282131,GB
tm1141439,US
tm1185388,IT
ts331680,US
ts220553,GB
tm1003630,FR
tm1003630,US
ts328194,KR
tm1046627,CA
ts307649,US
tm810504,KR
tm1046264,ES
ts296214,US
tm1201670,US
tm1185506,PL
ts283080,MX
ts287438,ES
ts219423,US
tm992844,GB
ts108042,MX
tm1075215,US
ts271413,US
ts281062,NO
ts343427,US
tm1003034,PL
tm1003034,KR
tm1003034,US
tm813078,QA
tm813078,MX
tm813078,US
tm813078,CH
tm813078,AR
tm813078,BR
tm813078,DE
tm1110150,US
tm1000147,GB
ts271867,KR
ts272980,GB
tm1027081,GB
tm1027081,DE
tm974195,JP
tm1021871,US
ts273229,ES
tm1063652,US
tm841825,CA
tm841825,IE
tm841825,US
tm993670,US
ts328605,TR
ts314135,US
tm1151272,IN
tm1005109,KR
ts287559,US
tm897466,FR
tm897466,LU
tm314863,US
tm841797,US
tm977704,GB
tm525645,US
tm1141594,US
ts330289,BR
ts270405,US
tm1107225,ES
ts271595,US
tm993838,AU
ts290643,JP
ts329700,US
tm1020820,GB
tm1020820,US
tm1191860,US
tm999927,MX
tm1198745,CA
tm1198745,US
ts314594,US
tm1093099,US
ts315611,US
ts315611,BR
ts297483,KR
tm858869,DE
tm858869,US
ts343404,IN
tm833216,US
tm1159163,US
tm1096775,US
ts343251,KR
tm912100,GB
tm912100,US
tm458292,KR
tm981945,GB
tm981945,CA
tm465421,KR
ts1475,DK
tm1108321,US
ts297846,IT
ts288087,GB
tm992260,US
ts329885,FR
ts296563,CN
ts304053,US
ts253813,PT
ts284702,US
tm1079334,US
tm1079334,NL
tm1108648,ES
tm824160,US
tm459789,US
tm919880,US
tm919880,GB
ts299865,US
ts269676,US
ts104499,PH
ts288744,KR
tm1038344,US
ts287532,US
tm863351,US
tm976166,US
tm949309,IN
tm949309,SG
tm949309,US
tm1018890,US
ts319303,JP
tm1064228,US
tm1064228,CA
ts314742,US
tm1018427,US
tm855075,JP
tm1104532,US
tm1165219,US
ts272463,US
ts286317,US
tm1020851,US
tm1020851,AU
ts320426,US
tm1138870,IN
tm1158704,US
ts296825,FR
tm1044275,IT
ts256311,JP
tm1187638,US
ts269881,JP
tm1182144,ES
tm1146393,AR
tm1038327,BR
tm1038327,IT
tm1080252,BR
ts287294,US
tm1173806,IN
tm1198504,JP
tm473502,IN
ts312071,JP
ts271888,US
ts250092,JP
tm1073510,HU
tm1073510,NL
tm1073510,CH
tm1073510,GB
ts302312,ES
tm1025493,IN
ts287328,US
ts317422,US
tm1195032,IN
tm1087160,CL
tm1087160,PE
tm1038363,US
tm1039147,US
tm1107063,KR
tm1167440,NL
ts260477,NO
ts265991,ES
ts304468,KR
tm922429,US
ts321614,US
ts315041,KR
ts291718,US
tm983658,US
ts329854,KR
ts300456,US
ts307925,FR
tm898614,US
tm1164962,FR
tm1164962,BE
tm858000,JP
tm922706,US
ts280892,IT
tm1183542,IN
ts273485,JP
ts301915,KR
tm1042481,CA
ts268102,KR
ts282133,FR
ts273100,US
ts271604,JP
ts313781,TR
ts311791,KR
ts305264,US
tm1177856,PE
tm1177856,ES
tm673809,DE
tm434625,CN
tm434625,US
ts222864,CN
tm999817,CN
tm1045741,MX
tm1045741,US
ts255486,JP
ts215989,SE
tm1132176,GB
tm1020326,US
ts257345,TR
tm1038369,US
ts241854,JP
tm1141923,US
tm1102868,PL
ts288489,JP
ts287722,US
tm1052498,US
tm1150872,US
ts270798,KR
tm1003353,US
tm881587,ID
ts320302,BR
ts320302,US
ts288005,KR
tm1110389,CA
tm1003261,US
ts246178,JP
tm1086874,IN
ts246073,DE
tm863823,US
ts192196,US
tm860261,US
ts216407,US
tm1028298,US
ts271025,US
tm983668,BE
tm983668,GB
tm983668,DE
ts29800,US
tm1120509,US
ts317522,DE
ts317078,JP
tm166973,US
tm1082314,US
ts305263,US
tm1134006,GB
tm1134006,US
ts271321,KR
tm1131061,CA
tm1131061,GB
tm1030495,ES
tm1162608,MX
tm1120902,DE
tm1144897,TR
tm863919,US
tm863919,CA
tm863919,CN
tm1087932,DE
ts220196,US
tm1074764,DE
ts313689,KR
ts289620,IN
tm1106212,ID
ts301999,PL
ts346007,US
ts319333,US
ts313668,IT
tm888243,US
ts283610,IN
ts315144,US
tm1049155,FI
ts306510,KR
ts343426,ZA
ts343426,US
ts271517,US
ts306322,SE
tm675820,GB
tm1150256,US
tm1087956,US
ts341760,AU
ts302714,AR
tm993790,US
tm993790,MX
ts271593,US
ts310376,US
ts296129,ES
ts320557,ES
tm984204,US
ts301196,GB
tm1020073,US
tm1127479,IN
ts320502,US
ts317297,JP
ts223450,KR
ts255779,US
ts287045,TR
ts320183,KR
tm1003725,US
tm1003725,GB
tm983270,US
tm319224,US
ts301914,KR
ts283676,US
ts272669,US
ts268835,KR
ts317612,JP
ts308511,BR
tm1166015,IT
ts188861,US
ts308689,NL
tm1096769,US
ts269286,ES
ts320075,IN
ts304058,FR
tm1092995,GB
tm963182,US
ts296091,ES
tm1083068,PL
tm1102891,TR
tm1137862,IT
tm1074621,US
ts72196,US
ts269493,US
ts310331,US
tm960924,IN
tm998188,ES
tm1036270,ZA
ts296081,FR
tm921206,US
tm921206,ZA
tm921206,GB
ts287802,ZA
ts239188,AT
ts239188,DE
ts308039,DE
ts283528,CA
tm991351,GB
tm813372,IN
tm1077013,GB
ts297031,US
tm972519,IT
ts315551,ES
tm1092892,US
tm1092892,CN
ts306068,IT
tm1040688,AF
ts319412,KR
ts326955,IN
tm998858,US
tm1000797,JP
tm362072,CA
tm362072,US
ts272366,US
ts271726,US
tm880822,JP
tm433048,US
tm1031976,IN
ts317526,US
tm1125844,TH
ts284862,GB
ts258415,DK
tm872108,US
tm985550,ES
tm948681,ES
ts302653,TW
ts330132,ES
ts14520,US
tm1142517,US
ts271720,JP
ts282291,IT
tm1029256,NL
tm1029256,BE
ts315549,ES
tm1108621,IT
ts257817,IN
ts296069,ES
ts308516,ZA
tm810494,KR
tm950444,IN
tm950444,US
tm894254,AU
tm894254,US
ts296059,ES
tm998726,FR
ts104362,US
ts321084,IT
ts90023,JO
tm1179176,IT
ts260502,PT
tm834847,ZA
ts232506,TR
ts326029,CO
ts317720,US
tm1064532,TH
ts312200,ES
tm1040671,IT
tm984155,US
ts244930,US
tm996010,IT
ts272939,US
tm1077201,BE
tm1077201,FR
ts108621,ES
ts292662,US
tm1171107,US
tm1171107,GB
tm1038355,FR
ts288472,KR
tm1041543,US
tm945448,FR
tm949382,IN
tm1030283,US
ts319460,GB
ts302489,US
ts307745,ES
ts320872,DE
tm1185568,CO
ts317423,ES
tm421437,NL
tm466544,IN
ts288065,US
tm1106806,US
tm1106806,GB
ts226392,PL
ts306188,CA
ts312094,JP
tm1119136,TH
tm1147890,IT
tm1098514,TW
tm1000599,BR
ts288195,BR
ts257271,ES
tm1104252,US
tm1084481,US
tm1107912,TW
tm1002408,DE
tm876608,ES
tm1119015,JP
ts328617,BR
ts297247,US
tm1143058,PL
ts328317,IT
tm1129217,MX
tm454879,RU
ts282840,US
ts321966,GB
ts302058,MX
tm996040,IT
ts321437,JP
ts291150,BE
tm982887,US
ts286632,AU
ts330012,IN
ts329711,SA
tm1111920,DE
ts317064,ES
tm998033,IN
tm983730,US
ts235563,MX
tm1022893,NZ
tm1022893,HK
ts302570,BR
tm1143258,IN
ts310335,ES
tm1111616,PL
tm1011188,NL
ts305890,MX
tm1159301,US
tm1178876,NO
ts331654,MX
ts254928,KR
ts325756,SG
tm1040337,IT
ts273245,US
ts287703,KR
ts287838,KR
ts243780,SG
ts243780,US
ts289364,US
ts279953,KR
tm1102151,JP
ts301609,BR
tm979688,JP
ts297065,US
ts304709,US
ts273318,US
ts329882,ES
tm1018418,US
ts317144,US
tm1165118,TR
tm902870,US
tm1091155,US
tm872496,PL
ts289261,US
tm1179579,TR
tm1111595,US
ts282155,IT
ts285469,US
ts272515,FR
tm960145,FR
tm990835,IN
ts299485,ES
ts299485,US
ts288540,IN
tm1115392,IN
tm1082359,GB
tm1047190,GB
tm1047190,US
tm1038857,GB
tm1038857,US
tm1043290,ES
tm1115800,US
tm1000037,CZ
tm1000037,DE
ts313902,DE
tm1023388,FR
tm816591,PL
ts275448,KR
ts287853,BE
ts287853,LU
ts342479,CA
tm1088320,GB
ts287149,US
tm1065788,TR
ts270807,KR
tm926580,JP
ts273461,CN
tm1130995,US
tm979182,SE
tm1092309,JP
tm1031186,ES
tm1092075,NL
tm1017664,IT
ts316965,US
ts297763,US
tm963023,IN
tm960430,JP
ts300274,US
tm993435,NZ
ts299321,US
tm1000296,CN
ts288997,US
ts292446,IN
tm1031448,US
tm992279,BR
tm1080406,US
ts258321,US
tm1070032,DE
ts289757,IN
ts309676,US
ts311958,KR
tm890013,BR
ts288064,MX
tm1129394,US
tm950360,CN
tm1165179,MY
ts287941,KR
tm1001108,US
ts268220,DE
tm1119455,US
ts283639,IN
tm1063034,US
ts311915,MX
ts257315,US
tm1040733,US
tm1006127,US
ts254956,KR
tm1022912,IN
tm1130275,US
tm886188,IT
ts303513,CL
tm1094069,FR
tm1075596,US
ts287741,US
tm1160938,JP
tm1204412,PE
ts304690,TH
tm1027297,HK
tm1172600,ES
tm1120937,US
tm1118822,US
tm990983,TR
tm867681,IN
tm1160424,TH
tm1114205,NG
tm1049290,PL
tm1002869,GB
tm1002869,IT
tm1150800,CA
tm1150800,ZA
tm861018,KR
tm980657,CN
tm980657,TW
ts285854,LB
tm1131895,PH
ts307981,US
ts288545,US
ts61384,US
ts296179,MX
tm958688,TR
ts273275,US
tm1150727,IN
tm990972,IT
ts320407,JP
tm1013111,ES
ts293346,US
tm1073802,IN
tm1063013,RO
tm1063013,SE
tm1039422,GB
tm859256,IN
tm1001267,RU
tm1001267,US
ts285471,US
tm1111717,US
ts283614,FR
ts283614,IT
tm1082515,US
tm876997,IN
tm1118234,FR
tm1102226,IT
tm876083,ES
ts285470,US
tm1038364,TH
tm1116525,BR
ts310628,AU
tm1119172,AU
tm1119172,US
ts286218,CN
tm1049265,PL
tm1152224,TR
tm1001095,IN
ts257873,AU
ts296201,BR
tm977620,JP
tm1045603,MX
tm1161223,IE
tm1161223,GB
ts282876,ES
ts331449,BR
ts229537,US
ts346656,US
tm989672,US
tm975741,CN
tm975741,GB
tm1054462,PL
ts287729,IN
tm1101878,US
ts267062,ZA
tm986017,TW
tm1037704,US
tm1027639,IN
tm997608,ES
tm1001619,TW
ts311887,KR
tm1109843,IN
tm1074622,US
tm904862,NL
tm1025318,IN
ts288832,US
tm954297,BR
ts272092,US
tm1124066,MX
tm1106551,FR
ts316882,MX
tm1095880,US
ts305732,US
tm1044137,US
ts301964,US
tm1031499,BR
tm1029279,US
tm1108010,FR
tm919869,DE
tm919869,FR
tm1000185,PL
tm1036542,HU
tm1036542,CA
tm1020293,SA
tm942277,IL
tm942277,US
ts302056,US
tm981676,BR
tm1037687,SE
tm1033803,IN
ts285874,ES
tm810657,IN
tm1027712,AU
tm1164320,US
ts282214,TH
tm1087383,SE
tm988879,FR
tm1068777,MX
tm1030071,IN
tm1037519,CA
tm985712,US
tm1142245,IN
tm1147172,US
tm869475,IN
ts274575,US
ts314962,IT
ts319608,BR
tm1091823,IN
ts289982,TH
tm1003376,BR
tm1068632,PL
tm1111559,MX
ts296581,US
tm1039168,IN
tm1165244,PL
ts321254,IN
tm1110205,MX
tm983466,US
ts317709,PL
tm1064988,HK
tm1028026,IN
tm1039571,US
tm1053409,ZA
tm1019865,IN
ts293103,CO
tm1024062,IN
tm1038096,BR
tm989502,KR
tm1030241,IN
tm1099969,ZA
tm1024535,VN
tm1068692,BR
tm1127511,PH
tm996996,FR
ts288861,TH
tm462311,BE
tm462311,DE
tm1120636,US
tm990740,US
tm1166429,BR
ts308053,US
tm1141663,TR
ts188367,IN
tm1033635,US
tm1073555,IN
tm1042277,US
tm983722,PL
tm1147041,NG
tm1183575,KR
ts330422,US
tm1102856,DE
ts322267,BR
tm988801,ID
tm855340,IN
tm1076198,IT
tm1037800,AR
tm1029314,TR
tm1080114,US
tm1099320,US
tm1099320,GB
tm945283,HK
ts270616,US
tm1119331,FR
tm1022280,IN
tm998678,IN
ts269300,KR
ts272422,US
tm1120766,FR
tm1120766,BE
tm1018592,ID
ts297132,TW
ts268103,KR
tm1019084,US
tm1019084,CA
ts322506,US
ts288544,JP
tm1121084,PH
tm1049083,PH
tm994923,MX
ts287804,CO
tm863829,ID
tm1068720,NG
tm1049317,CN
tm831387,KR
tm1059008,CO
tm856634,GB
tm856634,IN
tm1064193,MX
ts320335,BR
tm1110241,IN
tm1109080,IN
tm1043655,NG
tm985747,TW
tm1015884,ZA
tm1121098,PH
tm1067260,IN
tm959213,PH
tm918777,ID
ts285422,EG
tm886193,IN
tm987730,IN
ts283284,IN
ts297685,TH
tm1045883,ZA
tm1032950,CA
ts308002,MX
tm988613,IN
tm1110212,ZA
ts284885,XX
tm1122095,NG
tm1038025,ZA
tm997617,PH
ts287687,IO
tm1036797,IN
tm1027177,IN
ts345779,US
tm1082795,CO
ts309235,FR
tm1091284,IN
ts307816,KR
tm998544,PH
tm982470,TR
tm1146635,JP
tm1091956,PH
tm1091956,FO
tm1094060,US
tm1046969,LB
tm1063339,KR
tm1074617,US
tm1026043,KE
tm1080697,TZ
tm1080697,GB
tm1035612,US
tm993616,SA
ts273317,IN
tm851599,ID
tm1040832,PH
tm846586,ID
tm1106888,TR
tm996479,IN
tm996479,GB
tm1097142,EG
ts297061,SA
tm878575,ID
ts286386,US
tm985215,PH
tm1004011,IN
ts307884,NG
tm1040816,PH
tm1014599,NG
tm1045018,NG
tm1045018,CA
